,draw_number,date,num1,num2,num3,num4,num5,num6,num7,sup1,sup2,num1%3,num1/3,num2%3,num2/3,num3%3,num3/3,num4%3,num4/3,num5%3,num5/3,num6%3,num6/3,num7%3,num7/3,sup1%3,sup1/3,sup2%3,sup2/3
0,609,20051018,39,9,12,30,33,45,5,7,19,0,2,0,0,0,0,0,1,0,2,0,2,2,0,1,0,1,1
1,610,20051025,42,7,36,23,39,29,16,19,43,0,2,1,0,0,2,2,1,0,2,2,1,1,1,1,1,1,2
2,611,20051101,24,34,17,3,11,1,43,39,4,0,1,1,2,2,1,0,0,2,0,1,0,1,2,0,2,1,0
3,612,20051108,22,33,18,12,45,43,28,23,13,1,1,0,2,0,1,0,0,0,2,1,2,1,1,2,1,1,0
4,613,20051115,13,17,30,7,32,41,10,20,14,1,0,2,1,0,1,1,0,2,2,2,2,1,0,2,1,2,0
5,614,20051122,45,23,5,4,33,1,29,39,40,0,2,2,1,2,0,1,0,0,2,1,0,2,1,0,2,1,2
6,615,20051129,39,35,31,4,26,23,41,11,13,0,2,2,2,1,2,1,0,2,1,2,1,2,2,2,0,1,0
7,616,20051206,41,26,28,33,3,6,32,40,1,2,2,2,1,1,1,0,2,0,0,0,0,2,2,1,2,1,0
8,617,20051213,15,41,17,10,4,26,30,9,29,0,0,2,2,2,1,1,0,1,0,2,1,0,1,0,0,2,1
9,618,20051220,14,29,9,23,18,19,5,8,37,2,0,2,1,0,0,2,1,0,1,1,1,2,0,2,0,1,2
10,619,20051227,35,12,17,2,40,31,39,33,13,2,2,0,0,2,1,2,0,1,2,1,2,0,2,0,2,1,0
11,620,20060103,12,44,1,40,29,6,22,34,4,0,0,2,2,1,0,1,2,2,1,0,0,1,1,1,2,1,0
12,621,20060110,41,26,36,4,2,38,11,19,20,2,2,2,1,0,2,1,0,2,0,2,2,2,0,1,1,2,1
13,622,20060117,27,16,28,44,25,37,23,19,22,0,1,1,1,1,1,2,2,1,1,1,2,2,1,1,1,1,1
14,623,20060124,22,23,3,20,37,8,41,21,28,1,1,2,1,0,0,2,1,1,2,2,0,2,2,0,1,1,1
15,624,20060131,20,14,17,8,3,21,2,38,7,2,1,2,0,2,1,2,0,0,0,0,1,2,0,2,2,1,0
16,625,20060207,5,32,26,4,30,23,28,11,21,2,0,2,2,2,1,1,0,0,1,2,1,1,1,2,0,0,1
17,626,20060214,13,5,1,21,11,3,35,37,44,1,0,2,0,1,0,0,1,2,0,0,0,2,2,1,2,2,2
18,627,20060221,17,33,6,41,27,45,25,1,9,2,1,0,2,0,0,2,2,0,1,0,2,1,1,1,0,0,0
19,628,20060228,21,25,34,2,18,3,5,17,32,0,1,1,1,1,2,2,0,0,1,0,0,2,0,2,1,2,2
20,629,20060307,43,9,1,8,45,20,7,24,30,1,2,0,0,1,0,2,0,0,2,2,1,1,0,0,1,0,1
21,630,20060314,45,14,4,33,19,20,3,12,34,0,2,2,0,1,0,0,2,1,1,2,1,0,0,0,0,1,2
22,631,20060321,22,23,27,13,39,21,32,35,10,1,1,2,1,0,1,1,0,0,2,0,1,2,2,2,2,1,0
23,632,20060328,25,15,4,6,20,28,23,8,1,1,1,0,0,1,0,0,0,2,1,1,1,2,1,2,0,1,0
24,633,20060404,20,38,27,32,19,45,22,39,15,2,1,2,2,0,1,2,2,1,1,0,2,1,1,0,2,0,0
25,634,20060411,1,10,6,19,9,29,8,3,14,1,0,1,0,0,0,1,1,0,0,2,1,2,0,0,0,2,0
26,635,20060418,4,25,10,16,19,22,8,15,20,1,0,1,1,1,0,1,1,1,1,1,1,2,0,0,0,2,1
27,636,20060425,1,9,33,2,24,26,5,13,40,1,0,0,0,0,2,2,0,0,1,2,1,2,0,1,0,1,2
28,637,20060502,44,30,13,41,25,31,24,19,35,2,2,0,1,1,0,2,2,1,1,1,2,0,1,1,1,2,2
29,638,20060509,44,35,37,26,12,39,4,41,6,2,2,2,2,1,2,2,1,0,0,0,2,1,0,2,2,0,0
30,639,20060516,3,12,17,23,15,9,29,19,22,0,0,0,0,2,1,2,1,0,0,0,0,2,1,1,1,1,1
31,640,20060523,23,34,27,17,40,32,2,3,25,2,1,1,2,0,1,2,1,1,2,2,2,2,0,0,0,1,1
32,641,20060530,43,24,33,26,2,1,20,29,30,1,2,0,1,0,2,2,1,2,0,1,0,2,1,2,1,0,1
33,642,20060606,16,23,35,26,29,33,20,7,11,1,1,2,1,2,2,2,1,2,1,0,2,2,1,1,0,2,0
34,643,20060613,11,3,17,28,14,12,40,8,1,2,0,0,0,2,1,1,1,2,0,0,0,1,2,2,0,1,0
35,644,20060620,40,19,25,2,11,43,13,1,4,1,2,1,1,1,1,2,0,2,0,1,2,1,0,1,0,1,0
36,645,20060627,29,22,32,43,8,16,26,27,7,2,1,1,1,2,2,1,2,2,0,1,1,2,1,0,1,1,0
37,646,20060704,13,35,16,44,37,23,27,17,8,1,0,2,2,1,1,2,2,1,2,2,1,0,1,2,1,2,0
38,647,20060711,43,2,36,8,42,10,28,40,13,1,2,2,0,0,2,2,0,0,2,1,0,1,1,1,2,1,0
39,648,20060718,16,2,36,45,3,34,42,37,38,1,1,2,0,0,2,0,2,0,0,1,2,0,2,1,2,2,2
40,649,20060725,33,37,27,16,13,45,5,41,18,0,2,1,2,0,1,1,1,1,0,0,2,2,0,2,2,0,1
41,650,20060801,8,38,42,34,12,44,26,40,37,2,0,2,2,0,2,1,2,0,0,2,2,2,1,1,2,1,2
42,651,20060808,27,4,24,35,20,31,29,16,25,0,1,1,0,0,1,2,2,2,1,1,2,2,1,1,1,1,1
43,652,20060815,12,17,41,16,25,40,38,30,13,0,0,2,1,2,2,1,1,1,1,1,2,2,2,0,1,1,0
44,653,20060822,39,41,44,17,19,22,43,23,29,0,2,2,2,2,2,2,1,1,1,1,1,1,2,2,1,2,1
45,654,20060829,39,42,38,11,43,14,15,40,44,0,2,0,2,2,2,2,0,1,2,2,0,0,0,1,2,2,2
46,655,20060905,20,17,22,23,15,45,39,12,8,2,1,2,1,1,1,2,1,0,0,0,2,0,2,0,0,2,0
47,656,20060912,2,6,30,9,28,37,32,12,10,2,0,0,0,0,1,0,0,1,1,1,2,2,2,0,0,1,0
48,657,20060919,5,34,2,21,43,3,15,17,11,2,0,1,2,2,0,0,1,1,2,0,0,0,0,2,1,2,0
49,658,20060926,36,3,33,6,38,44,37,15,41,0,2,0,0,0,2,0,0,2,2,2,2,1,2,0,0,2,2
50,659,20061003,18,43,24,33,34,23,8,32,25,0,1,1,2,0,1,0,2,1,2,2,1,2,0,2,2,1,1
51,660,20061010,25,17,21,38,8,31,2,12,3,1,1,2,1,0,1,2,2,2,0,1,2,2,0,0,0,0,0
52,661,20061017,32,11,45,22,42,33,37,24,41,2,2,2,0,0,2,1,1,0,2,0,2,1,2,0,1,2,2
53,662,20061024,3,31,14,41,32,9,5,16,43,0,0,1,2,2,0,2,2,2,2,0,0,2,0,1,1,1,2
54,663,20061031,33,6,25,3,37,43,21,4,29,0,2,0,0,1,1,0,0,1,2,1,2,0,1,1,0,2,1
55,664,20061107,9,6,30,38,16,7,31,44,34,0,0,0,0,0,1,2,2,1,1,1,0,1,2,2,2,1,2
56,665,20061114,36,18,4,2,43,29,9,20,1,0,2,0,1,1,0,2,0,1,2,2,1,0,0,2,1,1,0
57,666,20061121,11,12,39,24,29,6,36,35,20,2,0,0,0,0,2,0,1,2,1,0,0,0,2,2,2,2,1
58,667,20061128,14,41,7,16,23,8,24,21,26,2,0,2,2,1,0,1,1,2,1,2,0,0,1,0,1,2,1
59,668,20061205,39,6,34,4,13,23,32,22,15,0,2,0,0,1,2,1,0,1,0,2,1,2,2,1,1,0,0
60,669,20061212,18,37,10,27,6,20,33,25,17,0,1,1,2,1,0,0,1,0,0,2,1,0,2,1,1,2,1
61,670,20061219,38,24,10,19,7,12,27,18,26,2,2,0,1,1,0,1,1,1,0,0,0,0,1,0,1,2,1
62,671,20061226,32,35,36,17,27,39,23,44,41,2,2,2,2,0,2,2,1,0,1,0,2,2,1,2,2,2,2
63,672,20070102,35,24,42,45,13,31,26,5,32,2,2,0,1,0,2,0,2,1,0,1,2,2,1,2,0,2,2
64,673,20070109,22,2,29,20,33,44,16,13,8,1,1,2,0,2,1,2,1,0,2,2,2,1,1,1,0,2,0
65,674,20070116,32,40,2,34,26,1,21,35,30,2,2,1,2,2,0,1,2,2,1,1,0,0,1,2,2,0,1
66,675,20070123,23,18,28,29,19,38,8,27,24,2,1,0,1,1,1,2,1,1,1,2,2,2,0,0,1,0,1
67,676,20070130,25,2,1,18,37,6,19,26,45,1,1,2,0,1,0,0,1,1,2,0,0,1,1,2,1,0,2
68,677,20070206,14,40,43,3,28,36,19,27,12,2,0,1,2,1,2,0,0,1,1,0,2,1,1,0,1,0,0
69,678,20070213,18,19,39,29,37,28,33,4,32,0,1,1,1,0,2,2,1,1,2,1,1,0,2,1,0,2,2
70,679,20070220,6,22,9,38,3,44,11,18,30,0,0,1,1,0,0,2,2,0,0,2,2,2,0,0,1,0,1
71,680,20070227,38,43,5,26,3,25,27,42,45,2,2,1,2,2,0,2,1,0,0,1,1,0,1,0,2,0,2
72,681,20070306,35,17,39,1,33,4,2,45,6,2,2,2,1,0,2,1,0,0,2,1,0,2,0,0,2,0,0
73,682,20070313,10,40,13,41,32,39,3,27,12,1,0,1,2,1,0,2,2,2,2,0,2,0,0,0,1,0,0
74,683,20070320,37,17,24,30,14,34,10,26,40,1,2,2,1,0,1,0,1,2,0,1,2,1,0,2,1,1,2
75,684,20070327,31,7,38,13,4,25,43,35,40,1,2,1,0,2,2,1,0,1,0,1,1,1,2,2,2,1,2
76,685,20070403,26,44,4,12,35,33,31,1,14,2,1,2,2,1,0,0,0,2,2,0,2,1,2,1,0,2,0
77,686,20070410,39,25,17,4,5,34,43,22,23,0,2,1,1,2,1,1,0,2,0,1,2,1,2,1,1,2,1
78,687,20070417,5,45,40,42,7,4,17,2,29,2,0,0,2,1,2,0,2,1,0,1,0,2,1,2,0,2,1
79,688,20070424,20,2,1,44,18,33,13,31,29,2,1,2,0,1,0,2,2,0,1,0,2,1,0,1,2,2,1
80,689,20070501,23,45,20,27,32,41,8,21,28,2,1,0,2,2,1,0,1,2,2,2,2,2,0,0,1,1,1
81,690,20070508,24,11,28,9,34,33,22,19,20,0,1,2,0,1,1,0,0,1,2,0,2,1,1,1,1,2,1
82,691,20070515,41,14,32,23,31,6,1,21,38,2,2,2,0,2,2,2,1,1,2,0,0,1,0,0,1,2,2
83,692,20070522,20,7,8,5,32,15,41,42,36,2,1,1,0,2,0,2,0,2,2,0,0,2,2,0,2,0,2
84,693,20070529,37,44,15,6,16,14,35,4,26,1,2,2,2,0,0,0,0,1,1,2,0,2,2,1,0,2,1
85,694,20070605,11,6,25,39,44,14,34,15,13,2,0,0,0,1,1,0,2,2,2,2,0,1,2,0,0,1,0
86,695,20070612,36,2,25,3,26,1,35,37,8,0,2,2,0,1,1,0,0,2,1,1,0,2,2,1,2,2,0
87,696,20070619,17,8,43,45,25,12,1,27,6,2,1,2,0,1,2,0,2,1,1,0,0,1,0,0,1,0,0
88,697,20070626,10,34,40,30,35,43,27,44,25,1,0,1,2,1,2,0,1,2,2,1,2,0,1,2,2,1,1
89,698,20070703,41,42,26,20,12,40,15,3,5,2,2,0,2,2,1,2,1,0,0,1,2,0,0,0,0,2,0
90,699,20070710,45,32,3,24,15,29,37,27,9,0,2,2,2,0,0,0,1,0,0,2,1,1,2,0,1,0,0
91,700,20070717,16,29,37,13,41,11,42,20,25,1,1,2,1,1,2,1,0,2,2,2,0,0,2,2,1,1,1
92,701,20070724,11,23,14,6,17,45,38,33,25,2,0,2,1,2,0,0,0,2,1,0,2,2,2,0,2,1,1
93,702,20070731,11,15,16,9,3,33,5,36,31,2,0,0,0,1,1,0,0,0,0,0,2,2,0,0,2,1,2
94,703,20070807,4,33,27,15,14,1,26,28,5,1,0,0,2,0,1,0,0,2,0,1,0,2,1,1,1,2,0
95,704,20070814,2,18,19,1,21,28,8,26,31,2,0,0,1,1,1,1,0,0,1,1,1,2,0,2,1,1,2
96,705,20070821,13,24,37,26,17,12,27,7,6,1,0,0,1,1,2,2,1,2,1,0,0,0,1,1,0,0,0
97,706,20070828,31,28,9,22,16,18,43,40,32,1,2,1,1,0,0,1,1,1,1,0,1,1,2,1,2,2,2
98,707,20070904,40,26,30,34,11,10,2,14,19,1,2,2,1,0,1,1,2,2,0,1,0,2,0,2,0,1,1
99,708,20070911,27,36,14,37,42,25,7,13,20,0,1,0,2,2,0,1,2,0,2,1,1,1,0,1,0,2,1
100,709,20070918,11,39,23,28,36,19,32,16,31,2,0,0,2,2,1,1,1,0,2,1,1,2,2,1,1,1,2
101,710,20070925,32,8,2,39,22,10,4,18,34,2,2,2,0,2,0,0,2,1,1,1,0,1,0,0,1,1,2
102,711,20071002,13,35,43,26,20,38,32,7,25,1,0,2,2,1,2,2,1,2,1,2,2,2,2,1,0,1,1
103,712,20071009,38,16,34,9,41,44,4,3,35,2,2,1,1,1,2,0,0,2,2,2,2,1,0,0,0,2,2
104,713,20071016,3,4,6,31,37,32,2,16,35,0,0,1,0,0,0,1,2,1,2,2,2,2,0,1,1,2,2
105,714,20071023,6,1,38,12,33,27,29,21,42,0,0,1,0,2,2,0,0,0,2,0,1,2,1,0,1,0,2
106,715,20071030,18,10,29,27,12,22,17,31,35,0,1,1,0,2,1,0,1,0,0,1,1,2,1,1,2,2,2
107,716,20071106,30,18,31,14,40,42,37,25,7,0,1,0,1,1,2,2,0,1,2,0,2,1,2,1,1,1,0
108,717,20071113,18,35,3,30,36,2,39,13,10,0,1,2,2,0,0,0,1,0,2,2,0,0,2,1,0,1,0
109,718,20071120,15,31,8,3,40,20,19,23,5,0,0,1,2,2,0,0,0,1,2,2,1,1,1,2,1,2,0
110,719,20071127,9,12,23,6,32,21,42,28,13,0,0,0,0,2,1,0,0,2,2,0,1,0,2,1,1,1,0
111,720,20071204,18,8,28,29,39,35,13,27,3,0,1,2,0,1,1,2,1,0,2,2,2,1,0,0,1,0,0
112,721,20071211,38,26,36,20,9,15,44,28,34,2,2,2,1,0,2,2,1,0,0,0,0,2,2,1,1,1,2
113,722,20071218,23,45,22,42,9,29,28,3,39,2,1,0,2,1,1,0,2,0,0,2,1,1,1,0,0,0,2
114,723,20071225,26,39,9,34,8,37,32,31,21,2,1,0,2,0,0,1,2,2,0,1,2,2,2,1,2,0,1
115,724,20080101,18,37,10,13,17,5,21,27,43,0,1,1,2,1,0,1,0,2,1,2,0,0,1,0,1,1,2
116,725,20080108,21,31,11,10,29,14,12,26,33,0,1,1,2,2,0,1,0,2,1,2,0,0,0,2,1,0,2
117,726,20080115,13,7,38,5,16,14,18,26,23,1,0,1,0,2,2,2,0,1,1,2,0,0,1,2,1,2,1
118,727,20080122,19,21,15,22,26,39,45,18,37,1,1,0,1,0,0,1,1,2,1,0,2,0,2,0,1,1,2
119,728,20080129,33,20,7,32,39,2,30,9,13,0,2,2,1,1,0,2,2,0,2,2,0,0,1,0,0,1,0
120,729,20080205,12,25,29,2,4,5,10,39,15,0,0,1,1,2,1,2,0,1,0,2,0,1,0,0,2,0,0
121,730,20080212,29,3,41,21,28,13,5,38,42,2,1,0,0,2,2,0,1,1,1,1,0,2,0,2,2,0,2
122,731,20080219,33,19,11,3,23,21,24,42,29,0,2,1,1,2,0,0,0,2,1,0,1,0,1,0,2,2,1
123,732,20080226,5,11,16,25,17,6,44,7,15,2,0,2,0,1,1,1,1,2,1,0,0,2,2,1,0,0,0
124,733,20080304,33,32,16,13,6,4,15,7,24,0,2,2,2,1,1,1,0,0,0,1,0,0,0,1,0,0,1
125,734,20080311,36,2,23,37,19,35,5,43,21,0,2,2,0,2,1,1,2,1,1,2,2,2,0,1,2,0,1
126,735,20080318,15,45,39,7,11,25,38,32,26,0,0,0,2,0,2,1,0,2,0,1,1,2,2,2,2,2,1
127,736,20080325,17,26,28,25,33,42,24,44,40,2,1,2,1,1,1,1,1,0,2,0,2,0,1,2,2,1,2
128,737,20080401,3,15,18,40,28,13,14,42,12,0,0,0,0,0,1,1,2,1,1,1,0,2,0,0,2,0,0
129,738,20080408,5,9,38,30,14,16,13,39,12,2,0,0,0,2,2,0,1,2,0,1,1,1,0,0,2,0,0
130,739,20080415,33,34,30,14,24,12,6,35,32,0,2,1,2,0,1,2,0,0,1,0,0,0,0,2,2,2,2
131,740,20080422,33,17,19,27,35,28,34,36,10,0,2,2,1,1,1,0,1,2,2,1,1,1,2,0,2,1,0
132,741,20080429,11,6,16,2,23,13,40,15,3,2,0,0,0,1,1,2,0,2,1,1,0,1,2,0,0,0,0
133,742,20080506,40,29,22,17,18,7,8,43,11,1,2,2,1,1,1,2,1,0,1,1,0,2,0,1,2,2,0
134,743,20080513,27,24,16,25,32,17,13,20,5,0,1,0,1,1,1,1,1,2,2,2,1,1,0,2,1,2,0
135,744,20080520,11,27,31,30,3,1,4,10,23,2,0,0,1,1,2,0,1,0,0,1,0,1,0,1,0,2,1
136,745,20080527,25,28,16,26,10,8,14,33,44,1,1,1,1,1,1,2,1,1,0,2,0,2,0,0,2,2,2
137,746,20080603,33,39,16,17,7,3,28,43,10,0,2,0,2,1,1,2,1,1,0,0,0,1,1,1,2,1,0
138,747,20080610,40,7,15,34,35,29,14,3,38,1,2,1,0,0,0,1,2,2,2,2,1,2,0,0,0,2,2
139,748,20080617,10,34,7,27,35,25,40,42,8,1,0,1,2,1,0,0,1,2,2,1,1,1,2,0,2,2,0
140,749,20080624,9,45,39,31,30,14,16,41,22,0,0,0,2,0,2,1,2,0,1,2,0,1,1,2,2,1,1
141,750,20080701,38,24,43,35,14,20,28,21,8,2,2,0,1,1,2,2,2,2,0,2,1,1,1,0,1,2,0
142,751,20080708,35,4,22,18,31,30,10,3,45,2,2,1,0,1,1,0,1,1,2,0,1,1,0,0,0,0,2
143,752,20080715,28,5,4,1,12,44,15,2,38,1,1,2,0,1,0,1,0,0,0,2,2,0,0,2,0,2,2
144,753,20080722,40,33,5,44,16,17,3,31,7,1,2,0,2,2,0,2,2,1,1,2,1,0,0,1,2,1,0
145,754,20080729,37,20,18,8,35,11,31,21,42,1,2,2,1,0,1,2,0,2,2,2,0,1,2,0,1,0,2
146,755,20080805,11,44,29,34,17,33,45,40,7,2,0,2,2,2,1,1,2,2,1,0,2,0,2,1,2,1,0
147,756,20080812,27,42,25,7,45,30,19,13,24,0,1,0,2,1,1,1,0,0,2,0,1,1,1,1,0,0,1
148,757,20080819,17,9,42,5,10,43,25,11,4,2,1,0,0,0,2,2,0,1,0,1,2,1,1,2,0,1,0
149,758,20080826,23,27,43,25,37,45,13,44,18,2,1,0,1,1,2,1,1,1,2,0,2,1,0,2,2,0,1
150,759,20080902,15,39,28,25,17,10,31,19,30,0,0,0,2,1,1,1,1,2,1,1,0,1,2,1,1,0,1
151,760,20080909,28,41,36,31,15,39,42,8,9,1,1,2,2,0,2,1,2,0,0,0,2,0,2,2,0,0,0
152,761,20080916,3,1,24,22,26,44,19,45,41,0,0,1,0,0,1,1,1,2,1,2,2,1,1,0,2,2,2
153,762,20080923,1,37,43,45,34,19,9,25,28,1,0,1,2,1,2,0,2,1,2,1,1,0,0,1,1,1,1
154,763,20080930,42,36,12,1,6,29,15,26,10,0,2,0,2,0,0,1,0,0,0,2,1,0,0,2,1,1,0
155,764,20081007,8,10,15,17,39,40,14,11,22,2,0,1,0,0,0,2,1,0,2,1,2,2,0,2,0,1,1
156,765,20081014,17,2,6,26,11,22,45,24,20,2,1,2,0,0,0,2,1,2,0,1,1,0,2,0,1,2,1
157,766,20081021,11,21,1,27,43,45,13,23,35,2,0,0,1,1,0,0,1,1,2,0,2,1,0,2,1,2,2
158,767,20081028,20,27,12,2,37,16,11,29,5,2,1,0,1,0,0,2,0,1,2,1,1,2,0,2,1,2,0
159,768,20081104,29,5,23,34,35,21,42,13,4,2,1,2,0,2,1,1,2,2,2,0,1,0,2,1,0,1,0
160,769,20081111,43,12,5,34,19,15,2,32,3,1,2,0,0,2,0,1,2,1,1,0,0,2,0,2,2,0,0
161,770,20081118,5,30,2,19,37,11,28,14,13,2,0,0,1,2,0,1,1,1,2,2,0,1,1,2,0,1,0
162,771,20081125,14,5,19,27,29,30,35,20,37,2,0,2,0,1,1,0,1,2,1,0,1,2,2,2,1,1,2
163,772,20081202,18,36,7,40,30,9,12,11,39,0,1,0,2,1,0,1,2,0,1,0,0,0,0,2,0,0,2
164,773,20081209,1,17,7,24,26,12,34,33,13,1,0,2,1,1,0,0,1,2,1,0,0,1,2,0,2,1,0
165,774,20081216,18,2,40,30,20,31,27,11,35,0,1,2,0,1,2,0,1,2,1,1,2,0,1,2,0,2,2
166,775,20081223,28,5,39,31,45,33,35,32,9,1,1,2,0,0,2,1,2,0,2,0,2,2,2,2,2,0,0
167,776,20081230,4,9,19,21,17,10,28,2,12,1,0,0,0,1,1,0,1,2,1,1,0,1,1,2,0,0,0
168,777,20090106,45,32,27,10,30,37,5,44,35,0,2,2,2,0,1,1,0,0,1,1,2,2,0,2,2,2,2
169,778,20090113,3,38,16,40,41,43,1,9,33,0,0,2,2,1,1,1,2,2,2,1,2,1,0,0,0,0,2
170,779,20090120,15,45,23,8,37,27,35,22,16,0,0,0,2,2,1,2,0,1,2,0,1,2,2,1,1,1,1
171,780,20090127,45,3,21,28,24,34,31,12,42,0,2,0,0,0,1,1,1,0,1,1,2,1,2,0,0,0,2
172,781,20090203,8,24,32,5,35,7,17,12,42,2,0,0,1,2,2,2,0,2,2,1,0,2,1,0,0,0,2
173,782,20090210,5,1,16,23,29,18,44,33,38,2,0,1,0,1,1,2,1,2,1,0,1,2,2,0,2,2,2
174,783,20090217,2,20,4,23,45,41,30,35,6,2,0,2,1,1,0,2,1,0,2,2,2,0,1,2,2,0,0
175,784,20090224,41,13,30,2,45,28,34,3,9,2,2,1,0,0,1,2,0,0,2,1,1,1,2,0,0,0,0
176,785,20090303,8,29,11,33,3,35,26,6,12,2,0,2,1,2,0,0,2,0,0,2,2,2,1,0,0,0,0
177,786,20090310,24,38,29,16,14,13,28,26,9,0,1,2,2,2,1,1,1,2,0,1,0,1,1,2,1,0,0
178,787,20090317,32,6,16,23,27,25,37,40,26,2,2,0,0,1,1,2,1,0,1,1,1,1,2,1,2,2,1
179,788,20090324,37,4,16,27,17,33,35,20,10,1,2,1,0,1,1,0,1,2,1,0,2,2,2,2,1,1,0
180,789,20090331,5,13,44,8,41,15,35,3,17,2,0,1,0,2,2,2,0,2,2,0,0,2,2,0,0,2,1
181,790,20090407,12,26,13,7,35,21,41,6,25,0,0,2,1,1,0,1,0,2,2,0,1,2,2,0,0,1,1
182,791,20090414,33,11,27,20,5,28,1,38,34,0,2,2,0,0,1,2,1,2,0,1,1,1,0,2,2,1,2
183,792,20090421,43,21,22,18,16,20,32,40,9,1,2,0,1,1,1,0,1,1,1,2,1,2,2,1,2,0,0
184,793,20090428,24,43,21,25,1,13,36,33,6,0,1,1,2,0,1,1,1,1,0,1,0,0,2,0,2,0,0
185,794,20090505,12,31,6,42,24,10,20,11,26,0,0,1,2,0,0,0,2,0,1,1,0,2,1,2,0,2,1
186,795,20090512,7,2,32,25,28,40,35,16,21,1,0,2,0,2,2,1,1,1,1,1,2,2,2,1,1,0,1
187,796,20090519,11,22,18,17,25,21,12,28,35,2,0,1,1,0,1,2,1,1,1,0,1,0,0,1,1,2,2
188,797,20090526,19,5,20,41,44,18,43,40,39,1,1,2,0,2,1,2,2,2,2,0,1,1,2,1,2,0,2
189,798,20090602,3,45,32,43,22,20,33,6,34,0,0,0,2,2,2,1,2,1,1,2,1,0,2,0,0,1,2
190,799,20090609,19,44,34,28,30,40,3,27,16,1,1,2,2,1,2,1,1,0,1,1,2,0,0,0,1,1,1
191,800,20090616,29,24,7,32,41,1,22,36,17,2,1,0,1,1,0,2,2,2,2,1,0,1,1,0,2,2,1
192,801,20090623,31,23,40,9,15,21,18,3,19,1,2,2,1,1,2,0,0,0,0,0,1,0,1,0,0,1,1
193,802,20090630,12,3,38,21,23,29,40,43,22,0,0,0,0,2,2,0,1,2,1,2,1,1,2,1,2,1,1
194,803,20090707,8,35,31,1,34,26,44,42,19,2,0,2,2,1,2,1,0,1,2,2,1,2,2,0,2,1,1
195,804,20090714,33,19,9,34,8,27,2,18,40,0,2,1,1,0,0,1,2,2,0,0,1,2,0,0,1,1,2
196,805,20090721,44,1,7,34,16,12,4,43,6,2,2,1,0,1,0,1,2,1,1,0,0,1,0,1,2,0,0
197,806,20090728,35,11,43,15,3,10,6,29,13,2,2,2,0,1,2,0,0,0,0,1,0,0,0,2,1,1,0
198,807,20090804,22,39,25,2,13,42,11,41,12,1,1,0,2,1,1,2,0,1,0,0,2,2,0,2,2,0,0
199,808,20090811,43,8,6,17,40,29,41,4,9,1,2,2,0,0,0,2,1,1,2,2,1,2,2,1,0,0,0
200,809,20090818,19,41,20,34,36,24,16,28,44,1,1,2,2,2,1,1,2,0,2,0,1,1,1,1,1,2,2
201,810,20090825,17,41,24,16,39,5,11,22,30,2,1,2,2,0,1,1,1,0,2,2,0,2,0,1,1,0,1
202,811,20090901,45,16,37,42,28,9,29,33,44,0,2,1,1,1,2,0,2,1,1,0,0,2,1,0,2,2,2
203,812,20090908,3,2,21,20,24,7,35,1,19,0,0,2,0,0,1,2,1,0,1,1,0,2,2,1,0,1,1
204,813,20090915,35,27,15,7,19,43,13,36,6,2,2,0,1,0,0,1,0,1,1,1,2,1,0,0,2,0,0
205,814,20090922,24,19,18,26,20,7,21,23,44,0,1,1,1,0,1,2,1,2,1,1,0,0,1,2,1,2,2
206,815,20090929,12,27,36,35,7,28,25,24,37,0,0,0,1,0,2,2,2,1,0,1,1,1,1,0,1,1,2
207,816,20091006,28,34,45,22,17,5,12,18,27,1,1,1,2,0,2,1,1,2,1,2,0,0,0,0,1,0,1
208,817,20091013,10,27,44,39,14,26,30,7,15,1,0,0,1,2,2,0,2,2,0,2,1,0,1,1,0,0,0
209,818,20091020,25,36,24,27,38,32,6,26,23,1,1,0,2,0,1,0,1,2,2,2,2,0,0,2,1,2,1
210,819,20091027,42,45,20,4,43,7,25,27,37,0,2,0,2,2,1,1,0,1,2,1,0,1,1,0,1,1,2
211,820,20091103,15,4,7,2,36,17,6,25,9,0,0,1,0,1,0,2,0,0,2,2,1,0,0,1,1,0,0
212,821,20091110,1,24,16,31,36,25,35,21,28,1,0,0,1,1,1,1,2,0,2,1,1,2,2,0,1,1,1
213,822,20091117,27,4,33,6,34,25,31,19,41,0,1,1,0,0,2,0,0,1,2,1,1,1,2,1,1,2,2
214,823,20091124,7,31,22,36,39,24,23,34,9,1,0,1,2,1,1,0,2,0,2,0,1,2,1,1,2,0,0
215,824,20091201,10,2,24,8,27,28,18,25,36,1,0,2,0,0,1,2,0,0,1,1,1,0,1,1,1,0,2
216,825,20091208,35,42,7,34,11,29,45,3,4,2,2,0,2,1,0,1,2,2,0,2,1,0,2,0,0,1,0
217,826,20091215,29,7,22,37,12,28,32,34,36,2,1,1,0,1,1,1,2,0,0,1,1,2,2,1,2,0,2
218,827,20091222,44,2,1,45,20,35,36,26,6,2,2,2,0,1,0,0,2,2,1,2,2,0,2,2,1,0,0
219,828,20091229,22,12,13,6,28,27,33,23,16,1,1,0,0,1,0,0,0,1,1,0,1,0,2,2,1,1,1
220,829,20100105,11,26,39,3,35,10,6,25,32,2,0,2,1,0,2,0,0,2,2,1,0,0,0,1,1,2,2
221,830,20100112,18,40,31,37,33,23,14,22,42,0,1,1,2,1,2,1,2,0,2,2,1,2,0,1,1,0,2
222,831,20100119,38,18,7,33,37,20,40,30,14,2,2,0,1,1,0,0,2,1,2,2,1,1,2,0,1,2,0
223,832,20100126,21,17,37,44,32,40,38,1,36,0,1,2,1,1,2,2,2,2,2,1,2,2,2,1,0,0,2
224,833,20100202,28,32,38,19,29,22,34,17,5,1,1,2,2,2,2,1,1,2,1,1,1,1,2,2,1,2,0
225,834,20100209,42,44,5,18,24,23,28,32,15,0,2,2,2,2,0,0,1,0,1,2,1,1,1,2,2,0,0
226,835,20100216,21,44,26,20,19,37,1,39,4,0,1,2,2,2,1,2,1,1,1,1,2,1,0,0,2,1,0
227,836,20100223,22,34,17,14,35,2,8,23,10,1,1,1,2,2,1,2,0,2,2,2,0,2,0,2,1,1,0
228,837,20100302,2,1,24,26,19,43,37,18,31,2,0,1,0,0,1,2,1,1,1,1,2,1,2,0,1,1,2
229,838,20100309,8,43,44,25,42,45,39,5,26,2,0,1,2,2,2,1,1,0,2,0,2,0,2,2,0,2,1
230,839,20100316,27,2,31,3,38,37,13,12,36,0,1,2,0,1,2,0,0,2,2,1,2,1,0,0,0,0,2
231,840,20100323,6,9,44,26,23,14,30,40,24,0,0,0,0,2,2,2,1,2,1,2,0,0,1,1,2,0,1
232,841,20100330,40,39,28,29,25,2,35,31,14,1,2,0,2,1,1,2,1,1,1,2,0,2,2,1,2,2,0
233,842,20100406,41,15,2,43,36,11,39,25,42,2,2,0,0,2,0,1,2,0,2,2,0,0,2,1,1,0,2
234,843,20100413,19,21,20,22,17,33,23,26,32,1,1,0,1,2,1,1,1,2,1,0,2,2,1,2,1,2,2
235,844,20100420,30,39,9,11,44,17,1,13,15,0,1,0,2,0,0,2,0,2,2,2,1,1,0,1,0,0,0
236,845,20100427,4,12,42,22,18,3,6,35,37,1,0,0,0,0,2,1,1,0,1,0,0,0,0,2,2,1,2
237,846,20100504,28,19,18,14,5,20,16,36,34,1,1,1,1,0,1,2,0,2,0,2,1,1,1,0,2,1,2
238,847,20100511,15,27,45,7,13,18,10,3,29,0,0,0,1,0,2,1,0,1,0,0,1,1,0,0,0,2,1
239,848,20100518,27,13,18,38,42,33,22,29,40,0,1,1,0,0,1,2,2,0,2,0,2,1,1,2,1,1,2
240,849,20100525,44,15,28,36,25,24,37,26,7,2,2,0,0,1,1,0,2,1,1,0,1,1,2,2,1,1,0
241,850,20100601,16,6,18,30,40,15,14,20,23,1,1,0,0,0,1,0,1,1,2,0,0,2,0,2,1,2,1
242,851,20100608,43,15,5,26,21,40,35,12,37,1,2,0,0,2,0,2,1,0,1,1,2,2,2,0,0,1,2
243,852,20100615,32,8,15,29,10,38,18,3,39,2,2,2,0,0,0,2,1,1,0,2,2,0,1,0,0,0,2
244,853,20100622,29,3,41,14,23,6,2,10,35,2,1,0,0,2,2,2,0,2,1,0,0,2,0,1,0,2,2
245,854,20100629,1,34,21,31,17,22,45,7,40,1,0,1,2,0,1,1,2,2,1,1,1,0,2,1,0,1,2
246,855,20100706,19,9,30,45,40,34,29,6,33,1,1,0,0,0,1,0,2,1,2,1,2,2,1,0,0,0,2
247,856,20100713,16,27,39,6,31,13,23,1,45,1,1,0,1,0,2,0,0,1,2,1,0,2,1,1,0,0,2
248,857,20100720,5,6,23,7,13,3,34,2,19,2,0,0,0,2,1,1,0,1,0,0,0,1,2,2,0,1,1
249,858,20100727,40,30,26,1,19,12,8,6,28,1,2,0,1,2,1,1,0,1,1,0,0,2,0,0,0,1,1
250,859,20100803,41,19,27,3,15,40,31,28,45,2,2,1,1,0,1,0,0,0,0,1,2,1,2,1,1,0,2
251,860,20100810,11,16,28,25,22,21,41,39,14,2,0,1,1,1,1,1,1,1,1,0,1,2,2,0,2,2,0
252,861,20100817,44,30,15,2,17,3,23,5,14,2,2,0,1,0,0,2,0,2,1,0,0,2,1,2,0,2,0
253,862,20100824,2,33,12,19,4,44,17,20,5,2,0,0,2,0,0,1,1,1,0,2,2,2,1,2,1,2,0
254,863,20100831,16,40,8,13,30,33,23,24,3,1,1,1,2,2,0,1,0,0,1,0,2,2,1,0,1,0,0
255,864,20100907,40,27,28,34,8,44,3,6,23,1,2,0,1,1,1,1,2,2,0,2,2,0,0,0,0,2,1
256,865,20100914,25,34,41,18,24,29,23,38,37,1,1,1,2,2,2,0,1,0,1,2,1,2,1,2,2,1,2
257,866,20100921,16,38,9,8,44,35,39,17,40,1,1,2,2,0,0,2,0,2,2,2,2,0,2,2,1,1,2
258,867,20100928,33,32,15,26,40,6,25,14,42,0,2,2,2,0,0,2,1,1,2,0,0,1,1,2,0,0,2
259,868,20101005,27,8,23,26,3,41,29,1,13,0,1,2,0,2,1,2,1,0,0,2,2,2,1,1,0,1,0
260,869,20101012,22,37,38,4,1,40,7,9,42,1,1,1,2,2,2,1,0,1,0,1,2,1,0,0,0,0,2
261,870,20101019,13,35,8,27,45,38,19,44,23,1,0,2,2,2,0,0,1,0,2,2,2,1,1,2,2,2,1
262,871,20101026,36,20,32,8,40,6,44,28,1,0,2,2,1,2,2,2,0,1,2,0,0,2,2,1,1,1,0
263,872,20101102,32,14,30,43,23,38,11,19,12,2,2,2,0,0,1,1,2,2,1,2,2,2,0,1,1,0,0
264,873,20101109,25,4,10,35,27,39,36,6,16,1,1,1,0,1,0,2,2,0,1,0,2,0,2,0,0,1,1
265,874,20101116,12,33,38,36,28,43,26,14,11,0,0,0,2,2,2,0,2,1,1,1,2,2,1,2,0,2,0
266,875,20101123,5,20,22,43,45,7,2,14,24,2,0,2,1,1,1,1,2,0,2,1,0,2,0,2,0,0,1
267,876,20101130,26,7,8,22,39,25,20,40,38,2,1,1,0,2,0,1,1,0,2,1,1,2,1,1,2,2,2
268,877,20101207,1,19,40,23,36,27,25,7,24,1,0,1,1,1,2,2,1,0,2,0,1,1,1,1,0,0,1
269,878,20101214,28,22,38,12,34,33,5,40,13,1,1,1,1,2,2,0,0,1,2,0,2,2,0,1,2,1,0
270,879,20101221,26,13,38,8,35,42,7,16,2,2,1,1,0,2,2,2,0,2,2,0,2,1,0,1,1,2,0
271,880,20101228,35,6,37,22,43,36,14,20,10,2,2,0,0,1,2,1,1,1,2,0,2,2,0,2,1,1,0
272,881,20110104,3,4,45,40,24,33,39,20,13,0,0,1,0,0,2,1,2,0,1,0,2,0,2,2,1,1,0
273,882,20110111,34,28,27,33,9,12,17,14,20,1,2,1,1,0,1,0,2,0,0,0,0,2,1,2,0,2,1
274,883,20110118,38,19,2,36,14,21,4,35,8,2,2,1,1,2,0,0,2,2,0,0,1,1,0,2,2,2,0
275,884,20110125,28,17,30,41,5,16,34,26,9,1,1,2,1,0,1,2,2,2,0,1,1,1,2,2,1,0,0
276,885,20110201,23,33,37,34,27,38,11,14,4,2,1,0,2,1,2,1,2,0,1,2,2,2,0,2,0,1,0
277,886,20110208,41,18,14,26,30,15,23,43,5,2,2,0,1,2,0,2,1,0,1,0,0,2,1,1,2,2,0
278,887,20110215,29,20,7,11,32,37,41,33,9,2,1,2,1,1,0,2,0,2,2,1,2,2,2,0,2,0,0
279,888,20110222,39,26,5,18,2,16,28,15,31,0,2,2,1,2,0,0,1,2,0,1,1,1,1,0,0,1,2
280,889,20110301,38,8,20,33,12,16,14,43,41,2,2,2,0,2,1,0,2,0,0,1,1,2,0,1,2,2,2
281,890,20110308,20,7,13,28,16,36,29,6,45,2,1,1,0,1,0,1,1,1,1,0,2,2,1,0,0,0,2
282,891,20110315,26,15,25,8,41,28,16,24,35,2,1,0,0,1,1,2,0,2,2,1,1,1,1,0,1,2,2
283,892,20110322,44,16,13,37,39,10,15,24,40,2,2,1,1,1,0,1,2,0,2,1,0,0,0,0,1,1,2
284,893,20110329,41,17,25,24,27,3,34,43,45,2,2,2,1,1,1,0,1,0,1,0,0,1,2,1,2,0,2
285,894,20110405,18,42,24,45,43,21,40,10,44,0,1,0,2,0,1,0,2,1,2,0,1,1,2,1,0,2,2
286,895,20110412,41,5,13,40,9,18,29,19,14,2,2,2,0,1,0,1,2,0,0,0,1,2,1,1,1,2,0
287,896,20110419,35,11,20,43,19,9,45,27,37,2,2,2,0,2,1,1,2,1,1,0,0,0,2,0,1,1,2
288,897,20110426,44,29,42,36,22,25,41,21,16,2,2,2,1,0,2,0,2,1,1,1,1,2,2,0,1,1,1
289,898,20110503,36,42,45,34,19,10,40,8,7,0,2,0,2,0,2,1,2,1,1,1,0,1,2,2,0,1,0
290,899,20110510,12,35,34,17,15,30,37,4,5,0,0,2,2,1,2,2,1,0,0,0,1,1,2,1,0,2,0
291,900,20110517,11,10,14,33,39,29,26,42,21,2,0,1,0,2,0,0,2,0,2,2,1,2,1,0,2,0,1
292,901,20110524,24,7,21,40,9,15,25,3,38,0,1,1,0,0,1,1,2,0,0,0,0,1,1,0,0,2,2
293,902,20110531,25,33,4,36,45,41,43,19,21,1,1,0,2,1,0,0,2,0,2,2,2,1,2,1,1,0,1
294,903,20110607,17,15,28,8,41,9,7,6,25,2,1,0,0,1,1,2,0,2,2,0,0,1,0,0,0,1,1
295,904,20110614,4,15,13,26,21,3,1,14,27,1,0,0,0,1,0,2,1,0,1,0,0,1,0,2,0,0,1
296,905,20110621,19,15,16,31,42,17,37,39,44,1,1,0,0,1,1,1,2,0,2,2,1,1,2,0,2,2,2
297,906,20110628,28,16,23,20,35,3,27,33,17,1,1,1,1,2,1,2,1,2,2,0,0,0,1,0,2,2,1
298,907,20110705,20,29,28,34,40,6,33,21,8,2,1,2,1,1,1,1,2,1,2,0,0,0,2,0,1,2,0
299,908,20110712,8,21,7,16,35,24,27,33,5,2,0,0,1,1,0,1,1,2,2,0,1,0,1,0,2,2,0
300,909,20110719,27,24,5,34,20,9,8,7,23,0,1,0,1,2,0,1,2,2,1,0,0,2,0,1,0,2,1
301,910,20110726,41,21,10,27,35,45,23,39,37,2,2,0,1,1,0,0,1,2,2,0,2,2,1,0,2,1,2
302,911,20110802,42,2,4,20,29,27,25,32,17,0,2,2,0,1,0,2,1,2,1,0,1,1,1,2,2,2,1
303,912,20110809,33,39,29,27,14,6,26,23,30,0,2,0,2,2,1,0,1,2,0,0,0,2,1,2,1,0,1
304,913,20110816,5,24,25,18,22,39,41,16,6,2,0,0,1,1,1,0,1,1,1,0,2,2,2,1,1,0,0
305,914,20110823,9,12,39,26,18,27,7,8,30,0,0,0,0,0,2,2,1,0,1,0,1,1,0,2,0,0,1
306,915,20110830,41,4,22,16,28,8,34,13,20,2,2,1,0,1,1,1,1,1,1,2,0,1,2,1,0,2,1
307,916,20110906,20,2,27,44,16,5,40,22,31,2,1,2,0,0,1,2,2,1,1,2,0,1,2,1,1,1,2
308,917,20110913,31,24,38,37,6,20,18,21,8,1,2,0,1,2,2,1,2,0,0,2,1,0,1,0,1,2,0
309,918,20110920,4,17,29,1,27,19,22,8,28,1,0,2,1,2,1,1,0,0,1,1,1,1,1,2,0,1,1
310,919,20110927,15,26,32,34,21,40,23,37,22,0,0,2,1,2,2,1,2,0,1,1,2,2,1,1,2,1,1
311,920,20111004,9,2,19,42,1,36,25,5,6,0,0,2,0,1,1,0,2,1,0,0,2,1,1,2,0,0,0
312,921,20111011,39,32,8,25,12,6,44,41,10,0,2,2,2,2,0,1,1,0,0,0,0,2,2,2,2,1,0
313,922,20111018,45,6,10,43,16,15,36,44,9,0,2,0,0,1,0,1,2,1,1,0,0,0,2,2,2,0,0
314,923,20111025,29,33,16,36,34,35,3,14,31,2,1,0,2,1,1,0,2,1,2,2,2,0,0,2,0,1,2
315,924,20111101,23,17,44,25,31,5,12,19,13,2,1,2,1,2,2,1,1,1,2,2,0,0,0,1,1,1,0
316,925,20111108,3,6,1,18,34,21,15,12,28,0,0,0,0,1,0,0,1,1,2,0,1,0,0,0,0,1,1
317,926,20111115,9,6,22,20,28,8,7,29,39,0,0,0,0,1,1,2,1,1,1,2,0,1,0,2,1,0,2
318,927,20111122,11,25,5,21,16,10,37,39,12,2,0,1,1,2,0,0,1,1,1,1,0,1,2,0,2,0,0
319,928,20111129,34,12,9,15,6,33,5,1,4,1,2,0,0,0,0,0,0,0,0,0,2,2,0,1,0,1,0
320,929,20111206,8,2,29,33,30,24,12,17,11,2,0,2,0,2,1,0,2,0,1,0,1,0,0,2,1,2,0
321,930,20111213,18,45,21,25,11,29,42,23,40,0,1,0,2,0,1,1,1,2,0,2,1,0,2,2,1,1,2
322,931,20111220,40,8,36,29,7,9,21,32,10,1,2,2,0,0,2,2,1,1,0,0,0,0,1,2,2,1,0
323,932,20111227,9,20,12,6,38,35,18,13,41,0,0,2,1,0,0,0,0,2,2,2,2,0,1,1,0,2,2
324,933,20120103,22,35,42,1,31,39,34,6,43,1,1,2,2,0,2,1,0,1,2,0,2,1,2,0,0,1,2
325,934,20120110,6,44,37,5,39,8,7,33,40,0,0,2,2,1,2,2,0,0,2,2,0,1,0,0,2,1,2
326,935,20120117,31,11,5,7,13,32,2,27,21,1,2,2,0,2,0,1,0,1,0,2,2,2,0,0,1,0,1
327,936,20120124,40,29,27,13,44,12,10,15,18,1,2,2,1,0,1,1,0,2,2,0,0,1,0,0,0,0,1
328,937,20120131,12,39,9,14,32,1,18,25,11,0,0,0,2,0,0,2,0,2,2,1,0,0,1,1,1,2,0
329,938,20120207,33,5,1,20,25,39,21,29,41,0,2,2,0,1,0,2,1,1,1,0,2,0,1,2,1,2,2
330,939,20120214,7,10,27,31,43,23,25,20,34,1,0,1,0,0,1,1,2,1,2,2,1,1,1,2,1,1,2
331,940,20120221,13,19,41,31,45,6,14,9,28,1,0,1,1,2,2,1,2,0,2,0,0,2,0,0,0,1,1
332,941,20120228,30,8,43,12,17,5,28,25,31,0,1,2,0,1,2,0,0,2,1,2,0,1,1,1,1,1,2
333,942,20120306,21,41,32,5,15,29,7,37,36,0,1,2,2,2,2,2,0,0,0,2,1,1,0,1,2,0,2
334,943,20120313,23,26,3,42,32,33,29,13,36,2,1,2,1,0,0,0,2,2,2,0,2,2,1,1,0,0,2
335,944,20120320,23,3,15,34,40,5,22,26,2,2,1,0,0,0,0,1,2,1,2,2,0,1,1,2,1,2,0
336,945,20120327,17,11,24,15,3,18,39,34,23,2,1,2,0,0,1,0,0,0,0,0,1,0,2,1,2,2,1
337,946,20120403,21,36,7,10,44,19,27,2,8,0,1,0,2,1,0,1,0,2,2,1,1,0,1,2,0,2,0
338,947,20120410,36,35,45,42,15,22,6,10,23,0,2,2,2,0,2,0,2,0,0,1,1,0,0,1,0,2,1
339,948,20120417,21,38,24,40,35,9,27,30,39,0,1,2,2,0,1,1,2,2,2,0,0,0,1,0,1,0,2
340,949,20120424,27,45,19,16,6,11,4,13,43,0,1,0,2,1,1,1,1,0,0,2,0,1,0,1,0,1,2
341,950,20120501,6,2,37,34,36,25,29,3,8,0,0,2,0,1,2,1,2,0,2,1,1,2,1,0,0,2,0
342,951,20120508,17,8,28,34,41,42,6,4,19,2,1,2,0,1,1,1,2,2,2,0,2,0,0,1,0,1,1
343,952,20120515,45,38,10,14,7,19,17,20,25,0,2,2,2,1,0,2,0,1,0,1,1,2,1,2,1,1,1
344,953,20120522,14,6,45,22,33,12,38,19,13,2,0,0,0,0,2,1,1,0,2,0,0,2,2,1,1,1,0
345,954,20120529,35,11,45,37,3,43,29,5,24,2,2,2,0,0,2,1,2,0,0,1,2,2,1,2,0,0,1
346,955,20120605,37,12,1,44,34,33,30,27,38,1,2,0,0,1,0,2,2,1,2,0,2,0,1,0,1,2,2
347,956,20120612,10,8,42,26,45,33,7,30,37,1,0,2,0,0,2,2,1,0,2,0,2,1,0,0,1,1,2
348,957,20120619,16,4,1,2,31,39,10,18,21,1,1,1,0,1,0,2,0,1,2,0,2,1,0,0,1,0,1
349,958,20120626,7,11,19,17,25,43,1,14,21,1,0,2,0,1,1,2,1,1,1,1,2,1,0,2,0,0,1
350,959,20120703,32,34,21,28,19,24,45,16,18,2,2,1,2,0,1,1,1,1,1,0,1,0,2,1,1,0,1
351,960,20120710,20,19,37,40,1,9,4,7,24,2,1,1,1,1,2,1,2,1,0,0,0,1,0,1,0,0,1
352,961,20120717,32,34,20,3,17,4,16,38,41,2,2,1,2,2,1,0,0,2,1,1,0,1,1,2,2,2,2
353,962,20120724,31,20,40,36,6,29,43,17,2,1,2,2,1,1,2,0,2,0,0,2,1,1,2,2,1,2,0
354,963,20120731,14,20,1,17,19,8,5,18,2,2,0,2,1,1,0,2,1,1,1,2,0,2,0,0,1,2,0
355,964,20120807,4,15,38,19,28,3,44,42,25,1,0,0,0,2,2,1,1,1,1,0,0,2,2,0,2,1,1
356,965,20120814,42,14,19,7,28,4,18,27,40,0,2,2,0,1,1,1,0,1,1,1,0,0,1,0,1,1,2
357,966,20120821,5,35,18,33,36,32,44,4,39,2,0,2,2,0,1,0,2,0,2,2,2,2,2,1,0,0,2
358,967,20120828,35,42,26,39,28,25,12,18,5,2,2,0,2,2,1,0,2,1,1,1,1,0,0,0,1,2,0
359,968,20120904,34,6,32,18,44,20,33,2,23,1,2,0,0,2,2,0,1,2,2,2,1,0,2,2,0,2,1
360,969,20120911,26,9,20,10,1,12,32,19,17,2,1,0,0,2,1,1,0,1,0,0,0,2,2,1,1,2,1
361,970,20120918,12,17,11,6,14,16,7,10,39,0,0,2,1,2,0,0,0,2,0,1,1,1,0,1,0,0,2
362,971,20120925,40,45,15,35,5,44,29,12,36,1,2,0,2,0,0,2,2,2,0,2,2,2,1,0,0,0,2
363,972,20121002,28,33,2,15,11,13,41,17,16,1,1,0,2,2,0,0,0,2,0,1,0,2,2,2,1,1,1
364,973,20121009,12,15,1,22,33,4,43,45,30,0,0,0,0,1,0,1,1,0,2,1,0,1,2,0,2,0,1
365,974,20121016,45,16,5,4,23,44,8,36,24,0,2,1,1,2,0,1,0,2,1,2,2,2,0,0,2,0,1
366,975,20121023,21,27,41,14,16,2,25,43,32,0,1,0,1,2,2,2,0,1,1,2,0,1,1,1,2,2,2
367,976,20121030,26,21,31,4,8,5,16,41,32,2,1,0,1,1,2,1,0,2,0,2,0,1,1,2,2,2,2
368,977,20121106,29,43,8,7,15,2,13,21,20,2,1,1,2,2,0,1,0,0,0,2,0,1,0,0,1,2,1
369,978,20121113,8,12,3,37,7,17,39,32,23,2,0,0,0,0,0,1,2,1,0,2,1,0,2,2,2,2,1
370,979,20121120,19,24,39,34,26,43,44,31,5,1,1,0,1,0,2,1,2,2,1,1,2,2,2,1,2,2,0
371,980,20121127,9,13,33,22,16,34,1,4,5,0,0,1,0,0,2,1,1,1,1,1,2,1,0,1,0,2,0
372,981,20121204,1,3,21,31,7,14,24,10,34,1,0,0,0,0,1,1,2,1,0,2,0,0,1,1,0,1,2
373,982,20121211,25,12,21,3,15,5,30,32,20,1,1,0,0,0,1,0,0,0,0,2,0,0,1,2,2,2,1
374,983,20121218,36,19,15,43,12,41,22,38,1,0,2,1,1,0,0,1,2,0,0,2,2,1,1,2,2,1,0
375,984,20121225,28,16,2,32,15,20,5,10,24,1,1,1,1,2,0,2,2,0,0,2,1,2,0,1,0,0,1
376,985,20130101,39,25,19,28,42,8,30,44,43,0,2,1,1,1,1,1,1,0,2,2,0,0,1,2,2,1,2
377,986,20130108,13,40,35,30,39,1,15,33,25,1,0,1,2,2,2,0,1,0,2,1,0,0,0,0,2,1,1
378,987,20130115,28,17,21,44,34,36,7,31,25,1,1,2,1,0,1,2,2,1,2,0,2,1,0,1,2,1,1
379,988,20130122,30,1,27,14,39,28,24,17,8,0,1,1,0,0,1,2,0,0,2,1,1,0,1,2,1,2,0
380,989,20130129,39,36,6,22,38,19,34,40,17,0,2,0,2,0,0,1,1,2,2,1,1,1,2,1,2,2,1
381,990,20130205,19,27,45,42,30,37,17,8,18,1,1,0,1,0,2,0,2,0,1,1,2,2,1,2,0,0,1
382,991,20130212,43,5,16,3,42,2,28,27,39,1,2,2,0,1,1,0,0,0,2,2,0,1,1,0,1,0,2
383,992,20130219,1,27,41,20,2,18,35,22,28,1,0,0,1,2,2,2,1,2,0,0,1,2,2,1,1,1,1
384,993,20130226,10,8,18,7,34,12,23,35,26,1,0,2,0,0,1,1,0,1,2,0,0,2,1,2,2,2,1
385,994,20130305,27,3,5,26,2,44,11,19,45,0,1,0,0,2,0,2,1,2,0,2,2,2,0,1,1,0,2
386,995,20130312,3,38,21,10,28,40,8,19,42,0,0,2,2,0,1,1,0,1,1,1,2,2,0,1,1,0,2
387,996,20130319,11,1,37,33,40,26,7,27,2,2,0,1,0,1,2,0,2,1,2,2,1,1,0,0,1,2,0
388,997,20130326,44,14,25,43,19,21,18,20,12,2,2,2,0,1,1,1,2,1,1,0,1,0,1,2,1,0,0
389,998,20130402,35,17,12,44,42,40,7,36,30,2,2,2,1,0,0,2,2,0,2,1,2,1,0,0,2,0,1
390,999,20130409,8,6,32,23,45,3,36,21,15,2,0,0,0,2,2,2,1,0,2,0,0,0,2,0,1,0,0
391,1000,20130416,40,24,4,7,16,22,37,43,20,1,2,0,1,1,0,1,0,1,1,1,1,1,2,1,2,2,1
392,1001,20130423,41,35,19,12,27,39,7,8,21,2,2,2,2,1,1,0,0,0,1,0,2,1,0,2,0,0,1
393,1002,20130430,12,39,27,44,26,6,32,14,41,0,0,0,2,0,1,2,2,2,1,0,0,2,2,2,0,2,2
394,1003,20130507,31,44,35,28,16,24,18,4,20,1,2,2,2,2,2,1,1,1,1,0,1,0,1,1,0,2,1
395,1004,20130514,13,9,1,12,26,22,41,34,39,1,0,0,0,1,0,0,0,2,1,1,1,2,2,1,2,0,2
396,1005,20130521,3,43,19,23,2,41,39,11,33,0,0,1,2,1,1,2,1,2,0,2,2,0,2,2,0,0,2
397,1006,20130528,1,25,30,31,26,14,35,18,27,1,0,1,1,0,1,1,2,2,1,2,0,2,2,0,1,0,1
398,1007,20130604,18,17,41,22,26,2,5,10,40,0,1,2,1,2,2,1,1,2,1,2,0,2,0,1,0,1,2
399,1008,20130611,3,6,26,29,38,24,25,30,19,0,0,0,0,2,1,2,1,2,2,0,1,1,1,0,1,1,1
400,1009,20130618,31,20,9,40,1,35,29,44,27,1,2,2,1,0,0,1,2,1,0,2,2,2,1,2,2,0,1
401,1010,20130625,4,20,17,10,16,41,7,5,36,1,0,2,1,2,1,1,0,1,1,2,2,1,0,2,0,0,2
402,1011,20130702,45,13,38,42,31,20,15,35,18,0,2,1,0,2,2,0,2,1,2,2,1,0,0,2,2,0,1
403,1012,20130709,1,41,2,17,13,11,7,40,33,1,0,2,2,2,0,2,1,1,0,2,0,1,0,1,2,0,2
404,1013,20130716,42,33,9,6,2,43,36,21,35,0,2,0,2,0,0,0,0,2,0,1,2,0,2,0,1,2,2
405,1014,20130723,34,41,8,40,28,31,37,39,42,1,2,2,2,2,0,1,2,1,1,1,2,1,2,0,2,0,2
406,1015,20130730,7,29,39,21,16,3,13,9,43,1,0,2,1,0,2,0,1,1,1,0,0,1,0,0,0,1,2
407,1016,20130806,27,30,33,16,25,29,37,21,3,0,1,0,1,0,2,1,1,1,1,2,1,1,2,0,1,0,0
408,1017,20130813,1,31,11,14,43,30,33,27,15,1,0,1,2,2,0,2,0,1,2,0,1,0,2,0,1,0,0
409,1018,20130820,17,26,38,7,36,45,9,44,41,2,1,2,1,2,2,1,0,0,2,0,2,0,0,2,2,2,2
410,1019,20130827,7,31,19,28,18,33,37,10,21,1,0,1,2,1,1,1,1,0,1,0,2,1,2,1,0,0,1
411,1020,20130903,26,31,8,22,23,28,18,34,7,2,1,1,2,2,0,1,1,2,1,1,1,0,1,1,2,1,0
412,1021,20130910,21,20,29,40,12,37,18,13,8,0,1,2,1,2,1,1,2,0,0,1,2,0,1,1,0,2,0
413,1022,20130917,27,8,41,31,24,9,44,13,38,0,1,2,0,2,2,1,2,0,1,0,0,2,2,1,0,2,2
414,1023,20130924,20,43,10,33,14,42,37,9,40,2,1,1,2,1,0,0,2,2,0,0,2,1,2,0,0,1,2
415,1024,20131001,36,42,1,27,8,11,12,13,9,0,2,0,2,1,0,0,1,2,0,2,0,0,0,1,0,0,0
416,1025,20131008,32,45,38,24,5,39,28,29,30,2,2,0,2,2,2,0,1,2,0,0,2,1,1,2,1,0,1
417,1026,20131015,2,10,39,22,18,5,36,1,11,2,0,1,0,0,2,1,1,0,1,2,0,0,2,1,0,2,0
418,1027,20131022,7,21,15,42,24,28,20,8,40,1,0,0,1,0,0,0,2,0,1,1,1,2,1,2,0,1,2
419,1028,20131029,45,43,32,39,29,7,13,36,16,0,2,1,2,2,2,0,2,2,1,1,0,1,0,0,2,1,1
420,1029,20131105,17,45,10,37,18,3,6,25,19,2,1,0,2,1,0,1,2,0,1,0,0,0,0,1,1,1,1
421,1030,20131112,6,36,5,38,8,29,30,43,16,0,0,0,2,2,0,2,2,2,0,2,1,0,1,1,2,1,1
422,1031,20131119,44,7,37,9,30,42,19,11,33,2,2,1,0,1,2,0,0,0,1,0,2,1,1,2,0,0,2
423,1032,20131126,31,26,12,24,40,6,5,11,43,1,2,2,1,0,0,0,1,1,2,0,0,2,0,2,0,1,2
424,1033,20131203,21,33,20,23,40,2,19,18,44,0,1,0,2,2,1,2,1,1,2,2,0,1,1,0,1,2,2
425,1034,20131210,35,20,38,11,42,9,43,32,8,2,2,2,1,2,2,2,0,0,2,0,0,1,2,2,2,2,0
426,1035,20131217,26,24,20,17,34,39,36,22,23,2,1,0,1,2,1,2,1,1,2,0,2,0,2,1,1,2,1
427,1036,20131224,4,6,36,22,24,42,33,7,16,1,0,0,0,0,2,1,1,0,1,0,2,0,2,1,0,1,1
428,1037,20131231,13,41,4,9,36,14,7,43,44,1,0,2,2,1,0,0,0,0,2,2,0,1,0,1,2,2,2
429,1038,20140107,28,17,19,14,21,20,29,1,45,1,1,2,1,1,1,2,0,0,1,2,1,2,1,1,0,0,2
430,1039,20140114,40,22,45,21,36,44,24,4,38,1,2,1,1,0,2,0,1,0,2,2,2,0,1,1,0,2,2
431,1040,20140121,31,23,7,42,1,29,16,30,15,1,2,2,1,1,0,0,2,1,0,2,1,1,1,0,1,0,0
432,1041,20140128,4,25,31,26,14,36,22,30,12,1,0,1,1,1,2,2,1,2,0,0,2,1,1,0,1,0,0
433,1042,20140204,44,43,26,3,39,22,5,8,15,2,2,1,2,2,1,0,0,0,2,1,1,2,0,2,0,0,0
434,1043,20140211,28,38,22,36,7,15,20,26,21,1,1,2,2,1,1,0,2,1,0,0,0,2,1,2,1,0,1
435,1044,20140218,1,11,30,27,36,4,7,19,25,1,0,2,0,0,1,0,1,0,2,1,0,1,0,1,1,1,1
436,1045,20140225,20,38,34,21,3,16,37,6,13,2,1,2,2,1,2,0,1,0,0,1,1,1,2,0,0,1,0
437,1046,20140304,41,38,30,34,42,24,32,28,13,2,2,2,2,0,1,1,2,0,2,0,1,2,2,1,1,1,0
438,1047,20140311,16,17,22,14,19,43,41,44,7,1,1,2,1,1,1,2,0,1,1,1,2,2,2,2,2,1,0
439,1048,20140318,4,19,24,33,30,2,38,20,3,1,0,1,1,0,1,0,2,0,1,2,0,2,2,2,1,0,0
440,1049,20140325,45,40,33,16,29,23,15,41,22,0,2,1,2,0,2,1,1,2,1,2,1,0,0,2,2,1,1
441,1050,20140401,31,10,19,40,16,1,21,42,17,1,2,1,0,1,1,1,2,1,1,1,0,0,1,0,2,2,1
442,1051,20140408,24,35,6,25,18,12,19,23,31,0,1,2,2,0,0,1,1,0,1,0,0,1,1,2,1,1,2
443,1052,20140415,35,5,22,27,17,31,29,38,12,2,2,2,0,1,1,0,1,2,1,1,2,2,1,2,2,0,0
444,1053,20140422,36,5,30,12,4,43,35,40,16,0,2,2,0,0,1,0,0,1,0,1,2,2,2,1,2,1,1
445,1054,20140429,12,7,25,35,10,4,1,33,5,0,0,1,0,1,1,2,2,1,0,1,0,1,0,0,2,2,0
446,1055,20140506,28,11,15,25,3,29,41,4,43,1,1,2,0,0,0,1,1,0,0,2,1,2,2,1,0,1,2
447,1056,20140513,14,26,35,4,6,23,20,40,19,2,0,2,1,2,2,1,0,0,0,2,1,2,1,1,2,1,1
448,1057,20140520,16,5,26,4,31,39,7,32,9,1,1,2,0,2,1,1,0,1,2,0,2,1,0,2,2,0,0
449,1058,20140527,32,12,3,23,40,2,19,6,37,2,2,0,0,0,0,2,1,1,2,2,0,1,1,0,0,1,2
450,1059,20140603,21,35,40,20,14,5,8,22,41,0,1,2,2,1,2,2,1,2,0,2,0,2,0,1,1,2,2
451,1060,20140610,16,44,2,17,1,32,34,35,5,1,1,2,2,2,0,2,1,1,0,2,2,1,2,2,2,2,0
452,1061,20140617,7,41,1,3,36,23,37,32,10,1,0,2,2,1,0,0,0,0,2,2,1,1,2,2,2,1,0
453,1062,20140624,36,12,32,41,40,8,26,10,2,0,2,0,0,2,2,2,2,1,2,2,0,2,1,1,0,2,0
454,1063,20140701,10,19,44,20,15,1,11,28,4,1,0,1,1,2,2,2,1,0,0,1,0,2,0,1,1,1,0
455,1064,20140708,39,42,14,30,41,28,7,34,8,0,2,0,2,2,0,0,1,2,2,1,1,1,0,1,2,2,0
456,1065,20140715,14,10,37,22,1,29,3,15,13,2,0,1,0,1,2,1,1,1,0,2,1,0,0,0,0,1,0
457,1066,20140722,17,16,19,35,24,25,3,33,14,2,1,1,1,1,1,2,2,0,1,1,1,0,0,0,2,2,0
458,1067,20140729,43,15,30,38,10,1,31,22,35,1,2,0,0,0,1,2,2,1,0,1,0,1,2,1,1,2,2
459,1068,20140805,21,9,42,33,3,35,25,16,38,0,1,0,0,0,2,0,2,0,0,2,2,1,1,1,1,2,2
460,1069,20140812,32,41,5,37,3,29,43,16,36,2,2,2,2,2,0,1,2,0,0,2,1,1,2,1,1,0,2
461,1070,20140819,33,5,41,7,31,1,43,38,42,0,2,2,0,2,2,1,0,1,2,1,0,1,2,2,2,0,2
462,1071,20140826,4,26,3,12,2,17,32,22,8,1,0,2,1,0,0,0,0,2,0,2,1,2,2,1,1,2,0
463,1072,20140902,9,40,29,1,3,15,43,39,18,0,0,1,2,2,1,1,0,0,0,0,0,1,2,0,2,0,1
464,1073,20140909,44,38,28,43,25,15,23,8,41,2,2,2,2,1,1,1,2,1,1,0,0,2,1,2,0,2,2
465,1074,20140916,36,13,33,45,34,15,31,2,32,0,2,1,0,0,2,0,2,1,2,0,0,1,2,2,0,2,2
466,1075,20140923,43,39,6,16,15,35,22,40,2,1,2,0,2,0,0,1,1,0,0,2,2,1,1,1,2,2,0
467,1076,20140930,40,14,34,27,10,30,36,17,4,1,2,2,0,1,2,0,1,1,0,0,1,0,2,2,1,1,0
468,1077,20141007,6,15,23,28,20,19,3,2,31,0,0,0,0,2,1,1,1,2,1,1,1,0,0,2,0,1,2
469,1078,20141014,45,38,21,24,17,3,12,19,2,0,2,2,2,0,1,0,1,2,1,0,0,0,0,1,1,2,0
470,1079,20141021,17,19,6,14,32,34,25,41,5,2,1,1,1,0,0,2,0,2,2,1,2,1,1,2,2,2,0
471,1080,20141028,38,40,21,9,22,6,20,18,2,2,2,1,2,0,1,0,0,1,1,0,0,2,1,0,1,2,0
472,1081,20141104,25,14,13,31,23,18,21,38,2,1,1,2,0,1,0,1,2,2,1,0,1,0,1,2,2,2,0
473,1082,20141111,43,25,10,33,2,41,21,4,31,1,2,1,1,1,0,0,2,2,0,2,2,0,1,1,0,1,2
474,1083,20141118,29,38,44,14,37,28,30,9,34,2,1,2,2,2,2,2,0,1,2,1,1,0,1,0,0,1,2
475,1084,20141125,8,9,13,24,42,16,25,33,4,2,0,0,0,1,0,0,1,0,2,1,1,1,1,0,2,1,0
476,1085,20141202,1,45,35,36,29,15,21,19,40,1,0,0,2,2,2,0,2,2,1,0,0,0,1,1,1,1,2
477,1086,20141209,7,21,42,13,43,25,15,22,27,1,0,0,1,0,2,1,0,1,2,1,1,0,0,1,1,0,1
478,1087,20141216,25,21,11,42,20,45,4,23,1,1,1,0,1,2,0,0,2,2,1,0,2,1,0,2,1,1,0
479,1088,20141223,17,37,19,13,25,6,34,45,12,2,1,1,2,1,1,1,0,1,1,0,0,1,2,0,2,0,0
480,1089,20141230,35,41,7,43,26,4,19,31,23,2,2,2,2,1,0,1,2,2,1,1,0,1,1,1,2,2,1
481,1090,20150106,39,40,6,2,35,19,11,22,8,0,2,1,2,0,0,2,0,2,2,1,1,2,0,1,1,2,0
482,1091,20150113,24,44,40,33,36,23,38,20,37,0,1,2,2,1,2,0,2,0,2,2,1,2,2,2,1,1,2
483,1092,20150120,28,20,15,14,34,31,2,42,29,1,1,2,1,0,0,2,0,1,2,1,2,2,0,0,2,2,1
484,1093,20150127,40,7,35,31,9,30,1,13,39,1,2,1,0,2,2,1,2,0,0,0,1,1,0,1,0,0,2
485,1094,20150203,10,5,7,2,12,36,11,4,14,1,0,2,0,1,0,2,0,0,0,0,2,2,0,1,0,2,0
486,1095,20150210,6,42,36,39,40,32,44,38,28,0,0,0,2,0,2,0,2,1,2,2,2,2,2,2,2,1,1
487,1096,20150217,31,38,4,30,19,25,2,22,11,1,2,2,2,1,0,0,1,1,1,1,1,2,0,1,1,2,0
488,1097,20150224,3,4,21,31,23,18,6,26,37,0,0,1,0,0,1,1,2,2,1,0,1,0,0,2,1,1,2
489,1098,20150303,5,26,43,31,20,23,19,21,35,2,0,2,1,1,2,1,2,2,1,2,1,1,1,0,1,2,2
490,1099,20150310,25,22,5,36,27,45,3,44,41,1,1,1,1,2,0,0,2,0,1,0,2,0,0,2,2,2,2
491,1100,20150317,15,29,5,16,42,14,4,36,10,0,0,2,1,2,0,1,1,0,2,2,0,1,0,0,2,1,0
492,1101,20150324,4,33,16,28,45,11,24,44,41,1,0,0,2,1,1,1,1,0,2,2,0,0,1,2,2,2,2
493,1102,20150331,16,17,44,32,29,4,3,33,34,1,1,2,1,2,2,2,2,2,1,1,0,0,0,0,2,1,2
494,1103,20150407,42,14,26,11,22,10,36,45,34,0,2,2,0,2,1,2,0,1,1,1,0,0,2,0,2,1,2
495,1104,20150414,33,24,2,42,45,12,3,19,6,0,2,0,1,2,0,0,2,0,2,0,0,0,0,1,1,0,0
496,1105,20150421,25,8,2,28,33,37,10,1,41,1,1,2,0,2,0,1,1,0,2,1,2,1,0,1,0,2,2
497,1106,20150428,35,41,2,34,29,30,45,19,3,2,2,2,2,2,0,1,2,2,1,0,1,0,2,1,1,0,0
498,1107,20150505,37,2,17,18,29,45,21,11,38,1,2,2,0,2,1,0,1,2,1,0,2,0,1,2,0,2,2
499,1108,20150512,27,24,30,28,33,13,43,4,25,0,1,0,1,0,1,1,1,0,2,1,0,1,2,1,0,1,1
500,1109,20150519,16,25,14,2,27,6,4,45,21,1,1,1,1,2,0,2,0,0,1,0,0,1,0,0,2,0,1
501,1110,20150526,26,9,42,39,32,40,44,11,4,2,1,0,0,0,2,0,2,2,2,1,2,2,2,2,0,1,0
502,1111,20150602,2,30,33,18,21,37,17,32,43,2,0,0,1,0,2,0,1,0,1,1,2,2,1,2,2,1,2
503,1112,20150609,15,32,7,21,14,5,10,16,31,0,0,2,2,1,0,0,1,2,0,2,0,1,0,1,1,1,2
504,1113,20150616,7,40,8,20,17,4,30,28,45,1,0,1,2,2,0,2,1,2,1,1,0,0,1,1,1,0,2
505,1114,20150623,36,2,5,45,19,27,9,41,7,0,2,2,0,2,0,0,2,1,1,0,1,0,0,2,2,1,0
506,1115,20150630,22,29,33,10,13,11,2,9,8,1,1,2,1,0,2,1,0,1,0,2,0,2,0,0,0,2,0
507,1116,20150707,11,23,1,36,19,17,27,40,45,2,0,2,1,1,0,0,2,1,1,2,1,0,1,1,2,0,2
508,1117,20150714,33,34,30,38,2,44,15,20,8,0,2,1,2,0,1,2,2,2,0,2,2,0,0,2,1,2,0
509,1118,20150721,21,26,30,3,13,20,33,17,37,0,1,2,1,0,1,0,0,1,0,2,1,0,2,2,1,1,2
510,1119,20150728,25,38,14,36,33,20,18,19,6,1,1,2,2,2,0,0,2,0,2,2,1,0,1,1,1,0,0
511,1120,20150804,14,19,40,9,44,8,41,18,4,2,0,1,1,1,2,0,0,2,2,2,0,2,2,0,1,1,0
512,1121,20150811,1,15,4,32,11,9,37,44,34,1,0,0,0,1,0,2,2,2,0,0,0,1,2,2,2,1,2
513,1122,20150818,6,32,42,3,25,7,29,22,2,0,0,2,2,0,2,0,0,1,1,1,0,2,1,1,1,2,0
514,1123,20150825,15,21,34,25,45,18,19,30,1,0,0,0,1,1,2,1,1,0,2,0,1,1,1,0,1,1,0
515,1124,20150901,24,13,25,43,18,22,45,12,35,0,1,1,0,1,1,1,2,0,1,1,1,0,2,0,0,2,2
516,1125,20150908,38,4,13,21,9,37,24,28,34,2,2,1,0,1,0,0,1,0,0,1,2,0,1,1,1,1,2
517,1126,20150915,33,29,2,1,19,43,13,31,9,0,2,2,1,2,0,1,0,1,1,1,2,1,0,1,2,0,0
518,1127,20150922,27,42,21,23,35,37,44,28,32,0,1,0,2,0,1,2,1,2,2,1,2,2,2,1,1,2,2
519,1128,20150929,34,26,1,10,12,3,42,4,20,1,2,2,1,1,0,1,0,0,0,0,0,0,2,1,0,2,1
520,1129,20151006,26,13,7,36,21,2,42,40,29,2,1,1,0,1,0,0,2,0,1,2,0,0,2,1,2,2,1
521,1130,20151013,36,37,28,41,29,32,34,30,9,0,2,1,2,1,1,2,2,2,1,2,2,1,2,0,1,0,0
522,1131,20151020,21,11,43,10,35,9,45,41,40,0,1,2,0,1,2,1,0,2,2,0,0,0,2,2,2,1,2
523,1132,20151027,18,30,44,10,5,3,11,31,42,0,1,0,1,2,2,1,0,2,0,0,0,2,0,1,2,0,2
524,1133,20151103,30,19,40,37,5,32,31,44,24,0,1,1,1,1,2,1,2,2,0,2,2,1,2,2,2,0,1
525,1134,20151110,22,23,36,34,20,25,33,21,13,1,1,2,1,0,2,1,2,2,1,1,1,0,2,0,1,1,0
526,1135,20151117,19,5,26,29,39,16,32,4,1,1,1,2,0,2,1,2,1,0,2,1,1,2,2,1,0,1,0
527,1136,20151124,25,22,24,9,12,30,1,6,39,1,1,1,1,0,1,0,0,0,0,0,1,1,0,0,0,0,2
528,1137,20151201,13,15,29,8,7,5,14,28,27,1,0,0,0,2,1,2,0,1,0,2,0,2,0,1,1,0,1
529,1138,20151208,19,14,30,8,36,40,11,5,16,1,1,2,0,0,1,2,0,0,2,1,2,2,0,2,0,1,1
530,1139,20151215,44,20,37,4,8,33,6,2,1,2,2,2,1,1,2,1,0,2,0,0,2,0,0,2,0,1,0
531,1140,20151222,27,44,26,20,10,29,34,19,2,0,1,2,2,2,1,2,1,1,0,2,1,1,2,1,1,2,0
532,1141,20151229,4,35,9,43,28,37,16,20,3,1,0,2,2,0,0,1,2,1,1,1,2,1,1,2,1,0,0
533,1142,20160105,19,33,18,25,37,31,43,13,34,1,1,0,2,0,1,1,1,1,2,1,2,1,2,1,0,1,2
534,1143,20160112,35,43,10,24,17,9,34,8,33,2,2,1,2,1,0,0,1,2,1,0,0,1,2,2,0,0,2
535,1144,20160119,13,25,34,31,10,12,1,38,15,1,0,1,1,1,2,1,2,1,0,0,0,1,0,2,2,0,0
536,1145,20160126,13,24,35,26,23,41,5,9,34,1,0,0,1,2,2,2,1,2,1,2,2,2,0,0,0,1,2
537,1146,20160202,5,7,9,44,22,2,19,36,28,2,0,1,0,0,0,2,2,1,1,2,0,1,1,0,2,1,1
538,1147,20160209,22,6,35,37,11,30,40,16,9,1,1,0,0,2,2,1,2,2,0,0,1,1,2,1,1,0,0
539,1148,20160216,15,22,13,33,45,37,28,21,27,0,0,1,1,1,0,0,2,0,2,1,2,1,1,0,1,0,1
540,1149,20160223,1,22,21,39,5,18,36,7,38,1,0,1,1,0,1,0,2,2,0,0,1,0,2,1,0,2,2
541,1150,20160301,20,30,32,27,3,41,5,40,15,2,1,0,1,2,2,0,1,0,0,2,2,2,0,1,2,0,0
542,1151,20160308,35,44,45,24,9,21,1,10,6,2,2,2,2,0,2,0,1,0,0,0,1,1,0,1,0,0,0
543,1152,20160315,2,37,13,32,12,8,38,11,23,2,0,1,2,1,0,2,2,0,0,2,0,2,2,2,0,2,1
544,1153,20160322,38,32,37,9,17,19,1,22,41,2,2,2,2,1,2,0,0,2,1,1,1,1,0,1,1,2,2
545,1154,20160329,12,38,39,9,3,26,33,23,44,0,0,2,2,0,2,0,0,0,0,2,1,0,2,2,1,2,2
546,1155,20160405,17,37,44,15,2,3,28,18,4,2,1,1,2,2,2,0,0,2,0,0,0,1,1,0,1,1,0
547,1156,20160412,31,35,42,39,18,23,43,37,5,1,2,2,2,0,2,0,2,0,1,2,1,1,2,1,2,2,0
548,1157,20160419,25,33,40,5,29,42,22,39,21,1,1,0,2,1,2,2,0,2,1,0,2,1,1,0,2,0,1
549,1158,20160426,19,41,6,15,45,1,5,20,3,1,1,2,2,0,0,0,0,0,2,1,0,2,0,2,1,0,0
550,1159,20160503,11,42,20,18,9,33,30,27,2,2,0,0,2,2,1,0,1,0,0,0,2,0,1,0,1,2,0
551,1160,20160510,21,44,26,27,22,36,20,32,25,0,1,2,2,2,1,0,1,1,1,0,2,2,1,2,2,1,1
552,1161,20160517,5,24,18,42,44,10,21,3,35,2,0,0,1,0,1,0,2,2,2,1,0,0,1,0,0,2,2
553,1162,20160524,22,32,25,11,38,4,5,20,40,1,1,2,2,1,1,2,0,2,2,1,0,2,0,2,1,1,2
554,1163,20160531,23,9,15,33,44,21,6,1,29,2,1,0,0,0,0,0,2,2,2,0,1,0,0,1,0,2,1
555,1164,20160607,34,22,14,8,6,16,29,38,19,1,2,1,1,2,0,2,0,0,0,1,1,2,1,2,2,1,1
556,1165,20160614,20,45,29,18,22,25,44,40,36,2,1,0,2,2,1,0,1,1,1,1,1,2,2,1,2,0,2
557,1166,20160621,36,44,2,42,28,5,16,25,22,0,2,2,2,2,0,0,2,1,1,2,0,1,1,1,1,1,1
558,1167,20160628,11,13,32,24,16,19,44,26,38,2,0,1,0,2,2,0,1,1,1,1,1,2,2,2,1,2,2
559,1168,20160705,43,41,37,14,9,2,31,1,17,1,2,2,2,1,2,2,0,0,0,2,0,1,2,1,0,2,1
560,1169,20160712,24,28,39,1,11,19,29,38,37,0,1,1,1,0,2,1,0,2,0,1,1,2,1,2,2,1,2
561,1170,20160719,22,34,7,4,32,45,41,23,36,1,1,1,2,1,0,1,0,2,2,0,2,2,2,2,1,0,2
562,1171,20160726,38,30,31,22,4,11,1,25,26,2,2,0,1,1,2,1,1,1,0,2,0,1,0,1,1,2,1
563,1172,20160802,45,7,8,27,31,33,1,2,41,0,2,1,0,2,0,0,1,1,2,0,2,1,0,2,0,2,2
564,1173,20160809,26,13,33,2,18,11,41,34,6,2,1,1,0,0,2,2,0,0,1,2,0,2,2,1,2,0,0
565,1174,20160816,24,36,9,11,44,27,20,10,31,0,1,0,2,0,0,2,0,2,2,0,1,2,1,1,0,1,2
566,1175,20160823,21,5,32,15,45,36,1,31,9,0,1,2,0,2,2,0,0,0,2,0,2,1,0,1,2,0,0
567,1176,20160830,16,33,27,9,12,43,22,15,31,1,1,0,2,0,1,0,0,0,0,1,2,1,1,0,0,1,2
568,1177,20160906,27,29,37,44,39,8,16,43,38,0,1,2,1,1,2,2,2,0,2,2,0,1,1,1,2,2,2
569,1178,20160913,42,19,30,29,1,3,44,28,23,0,2,1,1,0,1,2,1,1,0,0,0,2,2,1,1,2,1
570,1179,20160920,39,4,31,33,34,12,27,20,36,0,2,1,0,1,2,0,2,1,2,0,0,0,1,2,1,0,2
571,1180,20160927,45,13,32,36,3,26,21,31,14,0,2,1,0,2,2,0,2,0,0,2,1,0,1,1,2,2,0
572,1181,20161004,10,14,4,3,28,41,12,32,5,1,0,2,0,1,0,0,0,1,1,2,2,0,0,2,2,2,0
573,1182,20161011,25,3,8,38,18,21,27,23,35,1,1,0,0,2,0,2,2,0,1,0,1,0,1,2,1,2,2
574,1183,20161018,43,37,23,6,9,3,13,38,32,1,2,1,2,2,1,0,0,0,0,0,0,1,0,2,2,2,2
575,1184,20161025,20,8,37,33,5,34,36,40,17,2,1,2,0,1,2,0,2,2,0,1,2,0,2,1,2,2,1
576,1185,20161101,17,22,43,6,27,41,9,8,36,2,1,1,1,1,2,0,0,0,1,2,2,0,0,2,0,0,2
577,1186,20161108,42,5,7,36,22,2,13,23,18,0,2,2,0,1,0,0,2,1,1,2,0,1,0,2,1,0,1
578,1187,20161115,7,26,27,11,18,15,16,30,21,1,0,2,1,0,1,2,0,0,1,0,0,1,1,0,1,0,1
579,1188,20161122,32,31,11,30,17,45,43,10,7,2,2,1,2,2,0,0,1,2,1,0,2,1,2,1,0,1,0
580,1189,20161129,31,32,12,35,28,22,42,39,1,1,2,2,2,0,0,2,2,1,1,1,1,0,2,0,2,1,0
581,1190,20161206,35,30,17,43,34,45,15,14,23,2,2,0,1,2,1,1,2,1,2,0,2,0,0,2,0,2,1
582,1191,20161213,44,31,37,17,20,34,39,29,24,2,2,1,2,1,2,2,1,2,1,1,2,0,2,2,1,0,1
583,1192,20161220,26,16,14,36,25,29,45,3,7,2,1,1,1,2,0,0,2,1,1,2,1,0,2,0,0,1,0
584,1193,20161227,27,7,35,34,25,33,28,38,41,0,1,1,0,2,2,1,2,1,1,0,2,1,1,2,2,2,2
585,1194,20170103,1,27,17,12,24,15,23,41,29,1,0,0,1,2,1,0,0,0,1,0,0,2,1,2,2,2,1
586,1195,20170110,34,2,43,18,12,17,41,16,22,1,2,2,0,1,2,0,1,0,0,2,1,2,2,1,1,1,1
587,1196,20170117,39,31,7,37,2,22,21,40,1,0,2,1,2,1,0,1,2,2,0,1,1,0,1,1,2,1,0
588,1197,20170124,17,24,43,31,20,34,27,29,6,2,1,0,1,1,2,1,2,2,1,1,2,0,1,2,1,0,0
589,1198,20170131,24,3,8,38,18,20,30,44,21,0,1,0,0,2,0,2,2,0,1,2,1,0,1,2,2,0,1
590,1199,20170207,20,32,4,8,29,37,40,7,17,2,1,2,2,1,0,2,0,2,1,1,2,1,2,1,0,2,1
591,1200,20170214,7,39,45,38,1,30,9,28,14,1,0,0,2,0,2,2,2,1,0,0,1,0,0,1,1,2,0
592,1201,20170221,19,28,31,5,45,41,9,1,37,1,1,1,1,1,2,2,0,0,2,2,2,0,0,1,0,1,2
593,1202,20170228,2,37,26,17,42,33,27,44,4,2,0,1,2,2,1,2,1,0,2,0,2,0,1,2,2,1,0
594,1203,20170307,21,18,17,6,37,33,4,1,8,0,1,0,1,2,1,0,0,1,2,0,2,1,0,1,0,2,0
595,1204,20170314,10,14,25,6,31,2,28,33,8,1,0,2,0,1,1,0,0,1,2,2,0,1,1,0,2,2,0
596,1205,20170321,27,25,44,33,6,15,31,26,19,0,1,1,1,2,2,0,2,0,0,0,0,1,2,2,1,1,1
597,1206,20170328,12,39,45,41,37,22,23,20,18,0,0,0,2,0,2,2,2,1,2,1,1,2,1,2,1,0,1
598,1207,20170404,6,8,36,45,33,23,1,43,27,0,0,2,0,0,2,0,2,0,2,2,1,1,0,1,2,0,1
599,1208,20170411,25,23,38,45,21,28,1,2,33,1,1,2,1,2,2,0,2,0,1,1,1,1,0,2,0,0,2
600,1209,20170418,42,13,33,44,39,29,27,15,31,0,2,1,0,0,2,2,2,0,2,2,1,0,1,0,0,1,2
601,1210,20170425,11,41,28,43,45,37,27,4,31,2,0,2,2,1,1,1,2,0,2,1,2,0,1,1,0,1,2
602,1211,20170502,28,22,9,19,38,17,2,41,33,1,1,1,1,0,0,1,1,2,2,2,1,2,0,2,2,0,2
603,1212,20170509,1,15,45,16,3,20,33,39,12,1,0,0,0,0,2,1,1,0,0,2,1,0,2,0,2,0,0
604,1213,20170516,9,21,43,14,22,41,27,4,8,0,0,0,1,1,2,2,0,1,1,2,2,0,1,1,0,2,0
605,1214,20170523,4,2,12,22,20,17,38,35,16,1,0,2,0,0,0,1,1,2,1,2,1,2,2,2,2,1,1
606,1215,20170530,1,35,31,19,4,13,26,25,37,1,0,2,2,1,2,1,1,1,0,1,0,2,1,1,1,1,2
607,1216,20170606,10,23,11,30,19,34,15,2,26,1,0,2,1,2,0,0,1,1,1,1,2,0,0,2,0,2,1
608,1217,20170613,14,9,2,13,43,10,4,45,12,2,0,0,0,2,0,1,0,1,2,1,0,1,0,0,2,0,0
609,1218,20170620,16,25,28,13,23,17,21,34,2,1,1,1,1,1,1,1,0,2,1,2,1,0,1,1,2,2,0
610,1219,20170627,6,3,8,26,41,40,22,27,32,0,0,0,0,2,0,2,1,2,2,1,2,1,1,0,1,2,2
611,1220,20170704,28,33,37,43,18,35,7,19,21,1,1,0,2,1,2,1,2,0,1,2,2,1,0,1,1,0,1
612,1221,20170711,30,40,37,39,36,4,22,35,14,0,1,1,2,1,2,0,2,0,2,1,0,1,1,2,2,2,0
613,1222,20170718,2,45,29,7,23,19,21,37,43,2,0,0,2,2,1,1,0,2,1,1,1,0,1,1,2,1,2
614,1223,20170725,1,15,4,6,22,29,39,14,7,1,0,0,0,1,0,0,0,1,1,2,1,0,2,2,0,1,0
615,1224,20170801,9,16,41,13,37,43,3,11,26,0,0,1,1,2,2,1,0,1,2,1,2,0,0,2,0,2,1
616,1225,20170808,15,21,45,25,6,43,40,19,26,0,0,0,1,0,2,1,1,0,0,1,2,1,2,1,1,2,1
617,1226,20170815,17,43,8,33,25,13,4,15,23,2,1,1,2,2,0,0,2,1,1,1,0,1,0,0,0,2,1
618,1227,20170822,14,43,41,16,7,12,40,37,38,2,0,1,2,2,2,1,1,1,0,0,0,1,2,1,2,2,2
619,1228,20170829,24,8,44,23,22,21,36,4,37,0,1,2,0,2,2,2,1,1,1,0,1,0,2,1,0,1,2
620,1229,20170905,16,45,4,35,8,28,27,22,34,1,1,0,2,1,0,2,2,2,0,1,1,0,1,1,1,1,2
621,1230,20170912,1,44,20,41,24,12,45,6,38,1,0,2,2,2,1,2,2,0,1,0,0,0,2,0,0,2,2
622,1231,20170919,15,6,37,29,42,14,31,30,45,0,0,0,0,1,2,2,1,0,2,2,0,1,2,0,1,0,2
623,1232,20170926,41,45,8,14,6,13,33,15,42,2,2,0,2,2,0,2,0,0,0,1,0,0,2,0,0,0,2
624,1233,20171003,43,36,7,30,14,9,26,41,38,1,2,0,2,1,0,0,1,2,0,0,0,2,1,2,2,2,2
625,1234,20171010,17,42,20,7,31,28,12,1,25,2,1,0,2,2,1,1,0,1,2,1,1,0,0,1,0,1,1
626,1235,20171017,41,40,38,39,7,23,32,35,19,2,2,1,2,2,2,0,2,1,0,2,1,2,2,2,2,1,1
627,1236,20171024,31,15,22,9,35,40,44,32,36,1,2,0,0,1,1,0,0,2,2,1,2,2,2,2,2,0,2
628,1237,20171031,6,23,21,30,42,44,32,29,9,0,0,2,1,0,1,0,1,0,2,2,2,2,2,2,1,0,0
629,1238,20171107,45,4,37,12,30,26,13,10,17,0,2,1,0,1,2,0,0,0,1,2,1,1,0,1,0,2,1
630,1239,20171114,15,3,16,5,25,30,1,40,12,0,0,0,0,1,1,2,0,1,1,0,1,1,0,1,2,0,0
631,1240,20171121,14,15,45,33,26,16,23,24,5,2,0,0,0,0,2,0,2,2,1,1,1,2,1,0,1,2,0
632,1241,20171128,16,3,9,7,28,35,19,10,1,1,1,0,0,0,0,1,0,1,1,2,2,1,1,1,0,1,0
633,1242,20171205,45,4,22,34,26,9,28,43,15,0,2,1,0,1,1,1,2,2,1,0,0,1,1,1,2,0,0
634,1243,20171212,6,31,35,7,4,43,3,5,2,0,0,1,2,2,2,1,0,1,0,1,2,0,0,2,0,2,0
635,1244,20171219,34,35,18,44,26,37,5,1,36,1,2,2,2,0,1,2,2,2,1,1,2,2,0,1,0,0,2
636,1245,20171226,7,30,37,2,41,9,45,33,23,1,0,0,1,1,2,2,0,2,2,0,0,0,2,0,2,2,1
637,1246,20180102,8,26,1,12,30,43,28,7,11,2,0,2,1,1,0,0,0,0,1,1,2,1,1,1,0,2,0
638,1247,20180109,45,26,8,1,43,9,40,34,27,0,2,2,1,2,0,1,0,1,2,0,0,1,2,1,2,0,1
639,1248,20180116,9,37,26,23,30,7,4,38,5,0,0,1,2,2,1,2,1,0,1,1,0,1,0,2,2,2,0
640,1249,20180123,31,25,21,44,33,28,16,35,1,1,2,1,1,0,1,2,2,0,2,1,1,1,1,2,2,1,0
641,1250,20180130,24,12,45,5,40,31,2,30,16,0,1,0,0,0,2,2,0,1,2,1,2,2,0,0,1,1,1
642,1251,20180206,6,35,43,41,22,40,11,21,45,0,0,2,2,1,2,2,2,1,1,1,2,2,0,0,1,0,2
643,1252,20180213,42,26,3,37,40,2,35,36,32,0,2,2,1,0,0,1,2,1,2,2,0,2,2,0,2,2,2
644,1253,20180220,2,29,1,35,11,15,5,31,21,2,0,2,1,1,0,2,2,2,0,0,0,2,0,1,2,0,1
645,1254,20180227,33,2,29,31,16,39,25,42,36,0,2,2,0,2,1,1,2,1,1,0,2,1,1,0,2,0,2
646,1255,20180306,5,30,34,41,18,38,37,28,11,2,0,0,1,1,2,2,2,0,1,2,2,1,2,1,1,2,0
647,1256,20180313,18,23,5,29,35,25,39,15,21,0,1,2,1,2,0,2,1,2,2,1,1,0,2,0,0,0,1
648,1257,20180320,4,16,34,8,32,11,13,29,20,1,0,1,1,1,2,2,0,2,2,2,0,1,0,2,1,2,1
649,1258,20180327,29,19,38,22,3,5,27,41,35,2,1,1,1,2,2,1,1,0,0,2,0,0,1,2,2,2,2
650,1259,20180403,2,42,37,24,13,26,36,44,14,2,0,0,2,1,2,0,1,1,0,2,1,0,2,2,2,2,0
651,1260,20180410,31,25,3,23,17,40,15,16,26,1,2,1,1,0,0,2,1,2,1,1,2,0,0,1,1,2,1
652,1261,20180417,43,20,7,27,36,11,23,18,26,1,2,2,1,1,0,0,1,0,2,2,0,2,1,0,1,2,1
653,1262,20180424,7,45,39,4,16,27,29,40,24,1,0,0,2,0,2,1,0,1,1,0,1,2,1,1,2,0,1
654,1263,20180501,15,11,9,19,27,8,36,5,29,0,0,2,0,0,0,1,1,0,1,2,0,0,2,2,0,2,1
655,1264,20180508,41,45,27,31,29,9,43,16,6,2,2,0,2,0,1,1,2,2,1,0,0,1,2,1,1,0,0
656,1265,20180515,41,3,12,13,6,40,29,4,39,2,2,0,0,0,0,1,0,0,0,1,2,2,1,1,0,0,2
657,1266,20180522,2,13,39,45,19,12,31,24,41,2,0,1,0,0,2,0,2,1,1,0,0,1,2,0,1,2,2
658,1267,20180529,13,21,44,1,8,12,9,38,10,1,0,0,1,2,2,1,0,2,0,0,0,0,0,2,2,1,0
659,1268,20180605,11,30,45,18,33,37,23,6,3,2,0,0,1,0,2,0,1,0,2,1,2,2,1,0,0,0,0
660,1269,20180612,22,2,31,38,12,7,45,11,29,1,1,2,0,1,2,2,2,0,0,1,0,0,2,2,0,2,1
661,1270,20180619,20,18,26,35,10,22,16,25,34,2,1,0,1,2,1,2,2,1,0,1,1,1,1,1,1,1,2
662,1271,20180626,14,36,32,11,10,34,22,30,2,2,0,0,2,2,2,2,0,1,0,1,2,1,1,0,1,2,0
663,1272,20180703,27,23,18,10,4,9,16,41,35,0,1,2,1,0,1,1,0,1,0,0,0,1,1,2,2,2,2
664,1273,20180710,37,13,10,1,40,3,44,41,6,1,2,1,0,1,0,1,0,1,2,0,0,2,2,2,2,0,0
665,1274,20180717,19,17,38,20,28,11,42,27,35,1,1,2,1,2,2,2,1,1,1,2,0,0,2,0,1,2,2
666,1275,20180724,38,2,13,40,3,39,22,34,7,2,2,2,0,1,0,1,2,0,0,0,2,1,1,1,2,1,0
667,1276,20180731,7,26,25,40,10,13,1,38,31,1,0,2,1,1,1,1,2,1,0,1,0,1,0,2,2,1,2
668,1277,20180807,31,26,15,21,14,24,40,33,3,1,2,2,1,0,0,0,1,2,0,0,1,1,2,0,2,0,0
669,1278,20180814,5,11,28,24,38,37,25,1,27,2,0,2,0,1,1,0,1,2,2,1,2,1,1,1,0,0,1
670,1279,20180821,9,32,4,14,38,12,3,35,24,0,0,2,2,1,0,2,0,2,2,0,0,0,0,2,2,0,1
671,1280,20180828,21,13,1,2,23,19,34,11,33,0,1,1,0,1,0,2,0,2,1,1,1,1,2,2,0,0,2
672,1281,20180904,25,41,30,33,11,15,36,34,14,1,1,2,2,0,1,0,2,2,0,0,0,0,2,1,2,2,0
673,1282,20180911,6,4,36,23,2,30,32,11,27,0,0,1,0,0,2,2,1,2,0,0,1,2,2,2,0,0,1
674,1283,20180918,39,26,42,32,33,20,23,22,24,0,2,2,1,0,2,2,2,0,2,2,1,2,1,1,1,0,1
675,1284,20180925,29,17,33,39,21,20,24,31,8,2,1,2,1,0,2,0,2,0,1,2,1,0,1,1,2,2,0
676,1285,20181002,7,38,41,16,15,24,43,34,27,1,0,2,2,2,2,1,1,0,0,0,1,1,2,1,2,0,1
677,1286,20181009,4,45,32,41,26,30,25,9,44,1,0,0,2,2,2,2,2,2,1,0,1,1,1,0,0,2,2
678,1287,20181016,43,21,14,3,15,41,2,29,25,1,2,0,1,2,0,0,0,0,0,2,2,2,0,2,1,1,1
679,1288,20181023,12,27,28,44,7,33,32,19,17,0,0,0,1,1,1,2,2,1,0,0,2,2,2,1,1,2,1
680,1289,20181030,8,3,31,17,14,7,28,30,39,2,0,0,0,1,2,2,1,2,0,1,0,1,1,0,1,0,2
681,1290,20181106,22,15,14,23,27,3,34,33,8,1,1,0,0,2,0,2,1,0,1,0,0,1,2,0,2,2,0
682,1291,20181113,19,11,9,45,28,42,16,6,35,1,1,2,0,0,0,0,2,1,1,0,2,1,1,0,0,2,2
683,1292,20181120,39,28,24,13,2,22,19,5,1,0,2,1,1,0,1,1,0,2,0,1,1,1,1,2,0,1,0
684,1293,20181127,4,18,30,13,38,7,25,3,5,1,0,0,1,0,1,1,0,2,2,1,0,1,1,0,0,2,0
685,1294,20181204,21,18,32,35,27,19,20,17,44,0,1,0,1,2,2,2,2,0,1,1,1,2,1,2,1,2,2
686,1295,20181211,42,33,38,8,18,37,7,32,20,0,2,0,2,2,2,2,0,0,1,1,2,1,0,2,2,2,1
687,1296,20181218,16,15,27,4,13,45,29,43,26,1,1,0,0,0,1,1,0,1,0,0,2,2,1,1,2,2,1
688,1297,20181225,28,4,38,11,7,32,33,40,3,1,1,1,0,2,2,2,0,1,0,2,2,0,2,1,2,0,0
689,1298,20190101,32,30,26,11,20,23,44,6,18,2,2,0,1,2,1,2,0,2,1,2,1,2,2,0,0,0,1
690,1299,20190108,12,35,20,36,43,32,5,10,45,0,0,2,2,2,1,0,2,1,2,2,2,2,0,1,0,0,2
691,1300,20190115,31,42,20,28,15,36,27,40,38,1,2,0,2,2,1,1,1,0,0,0,2,0,1,1,2,2,2
692,1301,20190122,4,7,36,25,26,35,32,41,45,1,0,1,0,0,2,1,1,2,1,2,2,2,2,2,2,0,2
693,1302,20190129,22,38,27,26,35,4,19,25,36,1,1,2,2,0,1,2,1,2,2,1,0,1,1,1,1,0,2
694,1303,20190205,8,16,37,41,7,6,1,28,17,2,0,1,1,1,2,2,2,1,0,0,0,1,0,1,1,2,1
695,1304,20190212,12,6,36,3,10,5,39,9,26,0,0,0,0,0,2,0,0,1,0,2,0,0,2,0,0,2,1
696,1305,20190219,17,42,26,15,30,34,9,41,23,2,1,0,2,2,1,0,0,0,1,1,2,0,0,2,2,2,1
697,1306,20190226,27,37,32,9,45,23,8,31,3,0,1,1,2,2,2,0,0,0,2,2,1,2,0,1,2,0,0
698,1307,20190305,30,38,33,9,7,42,22,35,43,0,1,2,2,0,2,0,0,1,0,0,2,1,1,2,2,1,2
699,1308,20190312,36,28,27,7,37,9,25,14,21,0,2,1,1,0,1,1,0,1,2,0,0,1,1,2,0,0,1
700,1309,20190319,40,41,13,6,14,22,28,18,17,1,2,2,2,1,0,0,0,2,0,1,1,1,1,0,1,2,1
701,1310,20190326,12,28,24,29,9,18,25,13,31,0,0,1,1,0,1,2,1,0,0,0,1,1,1,1,0,1,2
702,1311,20190402,7,9,17,22,37,36,43,8,39,1,0,0,0,2,1,1,1,1,2,0,2,1,2,2,0,0,2
