draw_number,date,num1,num2,num3,num4,num5,num6,num7,sup1,sup2
609,20051018,39,9,12,30,33,45,5,7,19
610,20051025,42,7,36,23,39,29,16,19,43
611,20051101,24,34,17,3,11,1,43,39,4
612,20051108,22,33,18,12,45,43,28,23,13
613,20051115,13,17,30,7,32,41,10,20,14
614,20051122,45,23,5,4,33,1,29,39,40
615,20051129,39,35,31,4,26,23,41,11,13
616,20051206,41,26,28,33,3,6,32,40,1
617,20051213,15,41,17,10,4,26,30,9,29
618,20051220,14,29,9,23,18,19,5,8,37
619,20051227,35,12,17,2,40,31,39,33,13
620,20060103,12,44,1,40,29,6,22,34,4
621,20060110,41,26,36,4,2,38,11,19,20
622,20060117,27,16,28,44,25,37,23,19,22
623,20060124,22,23,3,20,37,8,41,21,28
624,20060131,20,14,17,8,3,21,2,38,7
625,20060207,5,32,26,4,30,23,28,11,21
626,20060214,13,5,1,21,11,3,35,37,44
627,20060221,17,33,6,41,27,45,25,1,9
628,20060228,21,25,34,2,18,3,5,17,32
629,20060307,43,9,1,8,45,20,7,24,30
630,20060314,45,14,4,33,19,20,3,12,34
631,20060321,22,23,27,13,39,21,32,35,10
632,20060328,25,15,4,6,20,28,23,8,1
633,20060404,20,38,27,32,19,45,22,39,15
634,20060411,1,10,6,19,9,29,8,3,14
635,20060418,4,25,10,16,19,22,8,15,20
636,20060425,1,9,33,2,24,26,5,13,40
637,20060502,44,30,13,41,25,31,24,19,35
638,20060509,44,35,37,26,12,39,4,41,6
639,20060516,3,12,17,23,15,9,29,19,22
640,20060523,23,34,27,17,40,32,2,3,25
641,20060530,43,24,33,26,2,1,20,29,30
642,20060606,16,23,35,26,29,33,20,7,11
643,20060613,11,3,17,28,14,12,40,8,1
644,20060620,40,19,25,2,11,43,13,1,4
645,20060627,29,22,32,43,8,16,26,27,7
646,20060704,13,35,16,44,37,23,27,17,8
647,20060711,43,2,36,8,42,10,28,40,13
648,20060718,16,2,36,45,3,34,42,37,38
649,20060725,33,37,27,16,13,45,5,41,18
650,20060801,8,38,42,34,12,44,26,40,37
651,20060808,27,4,24,35,20,31,29,16,25
652,20060815,12,17,41,16,25,40,38,30,13
653,20060822,39,41,44,17,19,22,43,23,29
654,20060829,39,42,38,11,43,14,15,40,44
655,20060905,20,17,22,23,15,45,39,12,8
656,20060912,2,6,30,9,28,37,32,12,10
657,20060919,5,34,2,21,43,3,15,17,11
658,20060926,36,3,33,6,38,44,37,15,41
659,20061003,18,43,24,33,34,23,8,32,25
660,20061010,25,17,21,38,8,31,2,12,3
661,20061017,32,11,45,22,42,33,37,24,41
662,20061024,3,31,14,41,32,9,5,16,43
663,20061031,33,6,25,3,37,43,21,4,29
664,20061107,9,6,30,38,16,7,31,44,34
665,20061114,36,18,4,2,43,29,9,20,1
666,20061121,11,12,39,24,29,6,36,35,20
667,20061128,14,41,7,16,23,8,24,21,26
668,20061205,39,6,34,4,13,23,32,22,15
669,20061212,18,37,10,27,6,20,33,25,17
670,20061219,38,24,10,19,7,12,27,18,26
671,20061226,32,35,36,17,27,39,23,44,41
672,20070102,35,24,42,45,13,31,26,5,32
673,20070109,22,2,29,20,33,44,16,13,8
674,20070116,32,40,2,34,26,1,21,35,30
675,20070123,23,18,28,29,19,38,8,27,24
676,20070130,25,2,1,18,37,6,19,26,45
677,20070206,14,40,43,3,28,36,19,27,12
678,20070213,18,19,39,29,37,28,33,4,32
679,20070220,6,22,9,38,3,44,11,18,30
680,20070227,38,43,5,26,3,25,27,42,45
681,20070306,35,17,39,1,33,4,2,45,6
682,20070313,10,40,13,41,32,39,3,27,12
683,20070320,37,17,24,30,14,34,10,26,40
684,20070327,31,7,38,13,4,25,43,35,40
685,20070403,26,44,4,12,35,33,31,1,14
686,20070410,39,25,17,4,5,34,43,22,23
687,20070417,5,45,40,42,7,4,17,2,29
688,20070424,20,2,1,44,18,33,13,31,29
689,20070501,23,45,20,27,32,41,8,21,28
690,20070508,24,11,28,9,34,33,22,19,20
691,20070515,41,14,32,23,31,6,1,21,38
692,20070522,20,7,8,5,32,15,41,42,36
693,20070529,37,44,15,6,16,14,35,4,26
694,20070605,11,6,25,39,44,14,34,15,13
695,20070612,36,2,25,3,26,1,35,37,8
696,20070619,17,8,43,45,25,12,1,27,6
697,20070626,10,34,40,30,35,43,27,44,25
698,20070703,41,42,26,20,12,40,15,3,5
699,20070710,45,32,3,24,15,29,37,27,9
700,20070717,16,29,37,13,41,11,42,20,25
701,20070724,11,23,14,6,17,45,38,33,25
702,20070731,11,15,16,9,3,33,5,36,31
703,20070807,4,33,27,15,14,1,26,28,5
704,20070814,2,18,19,1,21,28,8,26,31
705,20070821,13,24,37,26,17,12,27,7,6
706,20070828,31,28,9,22,16,18,43,40,32
707,20070904,40,26,30,34,11,10,2,14,19
708,20070911,27,36,14,37,42,25,7,13,20
709,20070918,11,39,23,28,36,19,32,16,31
710,20070925,32,8,2,39,22,10,4,18,34
711,20071002,13,35,43,26,20,38,32,7,25
712,20071009,38,16,34,9,41,44,4,3,35
713,20071016,3,4,6,31,37,32,2,16,35
714,20071023,6,1,38,12,33,27,29,21,42
715,20071030,18,10,29,27,12,22,17,31,35
716,20071106,30,18,31,14,40,42,37,25,7
717,20071113,18,35,3,30,36,2,39,13,10
718,20071120,15,31,8,3,40,20,19,23,5
719,20071127,9,12,23,6,32,21,42,28,13
720,20071204,18,8,28,29,39,35,13,27,3
721,20071211,38,26,36,20,9,15,44,28,34
722,20071218,23,45,22,42,9,29,28,3,39
723,20071225,26,39,9,34,8,37,32,31,21
724,20080101,18,37,10,13,17,5,21,27,43
725,20080108,21,31,11,10,29,14,12,26,33
726,20080115,13,7,38,5,16,14,18,26,23
727,20080122,19,21,15,22,26,39,45,18,37
728,20080129,33,20,7,32,39,2,30,9,13
729,20080205,12,25,29,2,4,5,10,39,15
730,20080212,29,3,41,21,28,13,5,38,42
731,20080219,33,19,11,3,23,21,24,42,29
732,20080226,5,11,16,25,17,6,44,7,15
733,20080304,33,32,16,13,6,4,15,7,24
734,20080311,36,2,23,37,19,35,5,43,21
735,20080318,15,45,39,7,11,25,38,32,26
736,20080325,17,26,28,25,33,42,24,44,40
737,20080401,3,15,18,40,28,13,14,42,12
738,20080408,5,9,38,30,14,16,13,39,12
739,20080415,33,34,30,14,24,12,6,35,32
740,20080422,33,17,19,27,35,28,34,36,10
741,20080429,11,6,16,2,23,13,40,15,3
742,20080506,40,29,22,17,18,7,8,43,11
743,20080513,27,24,16,25,32,17,13,20,5
744,20080520,11,27,31,30,3,1,4,10,23
745,20080527,25,28,16,26,10,8,14,33,44
746,20080603,33,39,16,17,7,3,28,43,10
747,20080610,40,7,15,34,35,29,14,3,38
748,20080617,10,34,7,27,35,25,40,42,8
749,20080624,9,45,39,31,30,14,16,41,22
750,20080701,38,24,43,35,14,20,28,21,8
751,20080708,35,4,22,18,31,30,10,3,45
752,20080715,28,5,4,1,12,44,15,2,38
753,20080722,40,33,5,44,16,17,3,31,7
754,20080729,37,20,18,8,35,11,31,21,42
755,20080805,11,44,29,34,17,33,45,40,7
756,20080812,27,42,25,7,45,30,19,13,24
757,20080819,17,9,42,5,10,43,25,11,4
758,20080826,23,27,43,25,37,45,13,44,18
759,20080902,15,39,28,25,17,10,31,19,30
760,20080909,28,41,36,31,15,39,42,8,9
761,20080916,3,1,24,22,26,44,19,45,41
762,20080923,1,37,43,45,34,19,9,25,28
763,20080930,42,36,12,1,6,29,15,26,10
764,20081007,8,10,15,17,39,40,14,11,22
765,20081014,17,2,6,26,11,22,45,24,20
766,20081021,11,21,1,27,43,45,13,23,35
767,20081028,20,27,12,2,37,16,11,29,5
768,20081104,29,5,23,34,35,21,42,13,4
769,20081111,43,12,5,34,19,15,2,32,3
770,20081118,5,30,2,19,37,11,28,14,13
771,20081125,14,5,19,27,29,30,35,20,37
772,20081202,18,36,7,40,30,9,12,11,39
773,20081209,1,17,7,24,26,12,34,33,13
774,20081216,18,2,40,30,20,31,27,11,35
775,20081223,28,5,39,31,45,33,35,32,9
776,20081230,4,9,19,21,17,10,28,2,12
777,20090106,45,32,27,10,30,37,5,44,35
778,20090113,3,38,16,40,41,43,1,9,33
779,20090120,15,45,23,8,37,27,35,22,16
780,20090127,45,3,21,28,24,34,31,12,42
781,20090203,8,24,32,5,35,7,17,12,42
782,20090210,5,1,16,23,29,18,44,33,38
783,20090217,2,20,4,23,45,41,30,35,6
784,20090224,41,13,30,2,45,28,34,3,9
785,20090303,8,29,11,33,3,35,26,6,12
786,20090310,24,38,29,16,14,13,28,26,9
787,20090317,32,6,16,23,27,25,37,40,26
788,20090324,37,4,16,27,17,33,35,20,10
789,20090331,5,13,44,8,41,15,35,3,17
790,20090407,12,26,13,7,35,21,41,6,25
791,20090414,33,11,27,20,5,28,1,38,34
792,20090421,43,21,22,18,16,20,32,40,9
793,20090428,24,43,21,25,1,13,36,33,6
794,20090505,12,31,6,42,24,10,20,11,26
795,20090512,7,2,32,25,28,40,35,16,21
796,20090519,11,22,18,17,25,21,12,28,35
797,20090526,19,5,20,41,44,18,43,40,39
798,20090602,3,45,32,43,22,20,33,6,34
799,20090609,19,44,34,28,30,40,3,27,16
800,20090616,29,24,7,32,41,1,22,36,17
801,20090623,31,23,40,9,15,21,18,3,19
802,20090630,12,3,38,21,23,29,40,43,22
803,20090707,8,35,31,1,34,26,44,42,19
804,20090714,33,19,9,34,8,27,2,18,40
805,20090721,44,1,7,34,16,12,4,43,6
806,20090728,35,11,43,15,3,10,6,29,13
807,20090804,22,39,25,2,13,42,11,41,12
808,20090811,43,8,6,17,40,29,41,4,9
809,20090818,19,41,20,34,36,24,16,28,44
810,20090825,17,41,24,16,39,5,11,22,30
811,20090901,45,16,37,42,28,9,29,33,44
812,20090908,3,2,21,20,24,7,35,1,19
813,20090915,35,27,15,7,19,43,13,36,6
814,20090922,24,19,18,26,20,7,21,23,44
815,20090929,12,27,36,35,7,28,25,24,37
816,20091006,28,34,45,22,17,5,12,18,27
817,20091013,10,27,44,39,14,26,30,7,15
818,20091020,25,36,24,27,38,32,6,26,23
819,20091027,42,45,20,4,43,7,25,27,37
820,20091103,15,4,7,2,36,17,6,25,9
821,20091110,1,24,16,31,36,25,35,21,28
822,20091117,27,4,33,6,34,25,31,19,41
823,20091124,7,31,22,36,39,24,23,34,9
824,20091201,10,2,24,8,27,28,18,25,36
825,20091208,35,42,7,34,11,29,45,3,4
826,20091215,29,7,22,37,12,28,32,34,36
827,20091222,44,2,1,45,20,35,36,26,6
828,20091229,22,12,13,6,28,27,33,23,16
829,20100105,11,26,39,3,35,10,6,25,32
830,20100112,18,40,31,37,33,23,14,22,42
831,20100119,38,18,7,33,37,20,40,30,14
832,20100126,21,17,37,44,32,40,38,1,36
833,20100202,28,32,38,19,29,22,34,17,5
834,20100209,42,44,5,18,24,23,28,32,15
835,20100216,21,44,26,20,19,37,1,39,4
836,20100223,22,34,17,14,35,2,8,23,10
837,20100302,2,1,24,26,19,43,37,18,31
838,20100309,8,43,44,25,42,45,39,5,26
839,20100316,27,2,31,3,38,37,13,12,36
840,20100323,6,9,44,26,23,14,30,40,24
841,20100330,40,39,28,29,25,2,35,31,14
842,20100406,41,15,2,43,36,11,39,25,42
843,20100413,19,21,20,22,17,33,23,26,32
844,20100420,30,39,9,11,44,17,1,13,15
845,20100427,4,12,42,22,18,3,6,35,37
846,20100504,28,19,18,14,5,20,16,36,34
847,20100511,15,27,45,7,13,18,10,3,29
848,20100518,27,13,18,38,42,33,22,29,40
849,20100525,44,15,28,36,25,24,37,26,7
850,20100601,16,6,18,30,40,15,14,20,23
851,20100608,43,15,5,26,21,40,35,12,37
852,20100615,32,8,15,29,10,38,18,3,39
853,20100622,29,3,41,14,23,6,2,10,35
854,20100629,1,34,21,31,17,22,45,7,40
855,20100706,19,9,30,45,40,34,29,6,33
856,20100713,16,27,39,6,31,13,23,1,45
857,20100720,5,6,23,7,13,3,34,2,19
858,20100727,40,30,26,1,19,12,8,6,28
859,20100803,41,19,27,3,15,40,31,28,45
860,20100810,11,16,28,25,22,21,41,39,14
861,20100817,44,30,15,2,17,3,23,5,14
862,20100824,2,33,12,19,4,44,17,20,5
863,20100831,16,40,8,13,30,33,23,24,3
864,20100907,40,27,28,34,8,44,3,6,23
865,20100914,25,34,41,18,24,29,23,38,37
866,20100921,16,38,9,8,44,35,39,17,40
867,20100928,33,32,15,26,40,6,25,14,42
868,20101005,27,8,23,26,3,41,29,1,13
869,20101012,22,37,38,4,1,40,7,9,42
870,20101019,13,35,8,27,45,38,19,44,23
871,20101026,36,20,32,8,40,6,44,28,1
872,20101102,32,14,30,43,23,38,11,19,12
873,20101109,25,4,10,35,27,39,36,6,16
874,20101116,12,33,38,36,28,43,26,14,11
875,20101123,5,20,22,43,45,7,2,14,24
876,20101130,26,7,8,22,39,25,20,40,38
877,20101207,1,19,40,23,36,27,25,7,24
878,20101214,28,22,38,12,34,33,5,40,13
879,20101221,26,13,38,8,35,42,7,16,2
880,20101228,35,6,37,22,43,36,14,20,10
881,20110104,3,4,45,40,24,33,39,20,13
882,20110111,34,28,27,33,9,12,17,14,20
883,20110118,38,19,2,36,14,21,4,35,8
884,20110125,28,17,30,41,5,16,34,26,9
885,20110201,23,33,37,34,27,38,11,14,4
886,20110208,41,18,14,26,30,15,23,43,5
887,20110215,29,20,7,11,32,37,41,33,9
888,20110222,39,26,5,18,2,16,28,15,31
889,20110301,38,8,20,33,12,16,14,43,41
890,20110308,20,7,13,28,16,36,29,6,45
891,20110315,26,15,25,8,41,28,16,24,35
892,20110322,44,16,13,37,39,10,15,24,40
893,20110329,41,17,25,24,27,3,34,43,45
894,20110405,18,42,24,45,43,21,40,10,44
895,20110412,41,5,13,40,9,18,29,19,14
896,20110419,35,11,20,43,19,9,45,27,37
897,20110426,44,29,42,36,22,25,41,21,16
898,20110503,36,42,45,34,19,10,40,8,7
899,20110510,12,35,34,17,15,30,37,4,5
900,20110517,11,10,14,33,39,29,26,42,21
901,20110524,24,7,21,40,9,15,25,3,38
902,20110531,25,33,4,36,45,41,43,19,21
903,20110607,17,15,28,8,41,9,7,6,25
904,20110614,4,15,13,26,21,3,1,14,27
905,20110621,19,15,16,31,42,17,37,39,44
906,20110628,28,16,23,20,35,3,27,33,17
907,20110705,20,29,28,34,40,6,33,21,8
908,20110712,8,21,7,16,35,24,27,33,5
909,20110719,27,24,5,34,20,9,8,7,23
910,20110726,41,21,10,27,35,45,23,39,37
911,20110802,42,2,4,20,29,27,25,32,17
912,20110809,33,39,29,27,14,6,26,23,30
913,20110816,5,24,25,18,22,39,41,16,6
914,20110823,9,12,39,26,18,27,7,8,30
915,20110830,41,4,22,16,28,8,34,13,20
916,20110906,20,2,27,44,16,5,40,22,31
917,20110913,31,24,38,37,6,20,18,21,8
918,20110920,4,17,29,1,27,19,22,8,28
919,20110927,15,26,32,34,21,40,23,37,22
920,20111004,9,2,19,42,1,36,25,5,6
921,20111011,39,32,8,25,12,6,44,41,10
922,20111018,45,6,10,43,16,15,36,44,9
923,20111025,29,33,16,36,34,35,3,14,31
924,20111101,23,17,44,25,31,5,12,19,13
925,20111108,3,6,1,18,34,21,15,12,28
926,20111115,9,6,22,20,28,8,7,29,39
927,20111122,11,25,5,21,16,10,37,39,12
928,20111129,34,12,9,15,6,33,5,1,4
929,20111206,8,2,29,33,30,24,12,17,11
930,20111213,18,45,21,25,11,29,42,23,40
931,20111220,40,8,36,29,7,9,21,32,10
932,20111227,9,20,12,6,38,35,18,13,41
933,20120103,22,35,42,1,31,39,34,6,43
934,20120110,6,44,37,5,39,8,7,33,40
935,20120117,31,11,5,7,13,32,2,27,21
936,20120124,40,29,27,13,44,12,10,15,18
937,20120131,12,39,9,14,32,1,18,25,11
938,20120207,33,5,1,20,25,39,21,29,41
939,20120214,7,10,27,31,43,23,25,20,34
940,20120221,13,19,41,31,45,6,14,9,28
941,20120228,30,8,43,12,17,5,28,25,31
942,20120306,21,41,32,5,15,29,7,37,36
943,20120313,23,26,3,42,32,33,29,13,36
944,20120320,23,3,15,34,40,5,22,26,2
945,20120327,17,11,24,15,3,18,39,34,23
946,20120403,21,36,7,10,44,19,27,2,8
947,20120410,36,35,45,42,15,22,6,10,23
948,20120417,21,38,24,40,35,9,27,30,39
949,20120424,27,45,19,16,6,11,4,13,43
950,20120501,6,2,37,34,36,25,29,3,8
951,20120508,17,8,28,34,41,42,6,4,19
952,20120515,45,38,10,14,7,19,17,20,25
953,20120522,14,6,45,22,33,12,38,19,13
954,20120529,35,11,45,37,3,43,29,5,24
955,20120605,37,12,1,44,34,33,30,27,38
956,20120612,10,8,42,26,45,33,7,30,37
957,20120619,16,4,1,2,31,39,10,18,21
958,20120626,7,11,19,17,25,43,1,14,21
959,20120703,32,34,21,28,19,24,45,16,18
960,20120710,20,19,37,40,1,9,4,7,24
961,20120717,32,34,20,3,17,4,16,38,41
962,20120724,31,20,40,36,6,29,43,17,2
963,20120731,14,20,1,17,19,8,5,18,2
964,20120807,4,15,38,19,28,3,44,42,25
965,20120814,42,14,19,7,28,4,18,27,40
966,20120821,5,35,18,33,36,32,44,4,39
967,20120828,35,42,26,39,28,25,12,18,5
968,20120904,34,6,32,18,44,20,33,2,23
969,20120911,26,9,20,10,1,12,32,19,17
970,20120918,12,17,11,6,14,16,7,10,39
971,20120925,40,45,15,35,5,44,29,12,36
972,20121002,28,33,2,15,11,13,41,17,16
973,20121009,12,15,1,22,33,4,43,45,30
974,20121016,45,16,5,4,23,44,8,36,24
975,20121023,21,27,41,14,16,2,25,43,32
976,20121030,26,21,31,4,8,5,16,41,32
977,20121106,29,43,8,7,15,2,13,21,20
978,20121113,8,12,3,37,7,17,39,32,23
979,20121120,19,24,39,34,26,43,44,31,5
980,20121127,9,13,33,22,16,34,1,4,5
981,20121204,1,3,21,31,7,14,24,10,34
982,20121211,25,12,21,3,15,5,30,32,20
983,20121218,36,19,15,43,12,41,22,38,1
984,20121225,28,16,2,32,15,20,5,10,24
985,20130101,39,25,19,28,42,8,30,44,43
986,20130108,13,40,35,30,39,1,15,33,25
987,20130115,28,17,21,44,34,36,7,31,25
988,20130122,30,1,27,14,39,28,24,17,8
989,20130129,39,36,6,22,38,19,34,40,17
990,20130205,19,27,45,42,30,37,17,8,18
991,20130212,43,5,16,3,42,2,28,27,39
992,20130219,1,27,41,20,2,18,35,22,28
993,20130226,10,8,18,7,34,12,23,35,26
994,20130305,27,3,5,26,2,44,11,19,45
995,20130312,3,38,21,10,28,40,8,19,42
996,20130319,11,1,37,33,40,26,7,27,2
997,20130326,44,14,25,43,19,21,18,20,12
998,20130402,35,17,12,44,42,40,7,36,30
999,20130409,8,6,32,23,45,3,36,21,15
1000,20130416,40,24,4,7,16,22,37,43,20
1001,20130423,41,35,19,12,27,39,7,8,21
1002,20130430,12,39,27,44,26,6,32,14,41
1003,20130507,31,44,35,28,16,24,18,4,20
1004,20130514,13,9,1,12,26,22,41,34,39
1005,20130521,3,43,19,23,2,41,39,11,33
1006,20130528,1,25,30,31,26,14,35,18,27
1007,20130604,18,17,41,22,26,2,5,10,40
1008,20130611,3,6,26,29,38,24,25,30,19
1009,20130618,31,20,9,40,1,35,29,44,27
1010,20130625,4,20,17,10,16,41,7,5,36
1011,20130702,45,13,38,42,31,20,15,35,18
1012,20130709,1,41,2,17,13,11,7,40,33
1013,20130716,42,33,9,6,2,43,36,21,35
1014,20130723,34,41,8,40,28,31,37,39,42
1015,20130730,7,29,39,21,16,3,13,9,43
1016,20130806,27,30,33,16,25,29,37,21,3
1017,20130813,1,31,11,14,43,30,33,27,15
1018,20130820,17,26,38,7,36,45,9,44,41
1019,20130827,7,31,19,28,18,33,37,10,21
1020,20130903,26,31,8,22,23,28,18,34,7
1021,20130910,21,20,29,40,12,37,18,13,8
1022,20130917,27,8,41,31,24,9,44,13,38
1023,20130924,20,43,10,33,14,42,37,9,40
1024,20131001,36,42,1,27,8,11,12,13,9
1025,20131008,32,45,38,24,5,39,28,29,30
1026,20131015,2,10,39,22,18,5,36,1,11
1027,20131022,7,21,15,42,24,28,20,8,40
1028,20131029,45,43,32,39,29,7,13,36,16
1029,20131105,17,45,10,37,18,3,6,25,19
1030,20131112,6,36,5,38,8,29,30,43,16
1031,20131119,44,7,37,9,30,42,19,11,33
1032,20131126,31,26,12,24,40,6,5,11,43
1033,20131203,21,33,20,23,40,2,19,18,44
1034,20131210,35,20,38,11,42,9,43,32,8
1035,20131217,26,24,20,17,34,39,36,22,23
1036,20131224,4,6,36,22,24,42,33,7,16
1037,20131231,13,41,4,9,36,14,7,43,44
1038,20140107,28,17,19,14,21,20,29,1,45
1039,20140114,40,22,45,21,36,44,24,4,38
1040,20140121,31,23,7,42,1,29,16,30,15
1041,20140128,4,25,31,26,14,36,22,30,12
1042,20140204,44,43,26,3,39,22,5,8,15
1043,20140211,28,38,22,36,7,15,20,26,21
1044,20140218,1,11,30,27,36,4,7,19,25
1045,20140225,20,38,34,21,3,16,37,6,13
1046,20140304,41,38,30,34,42,24,32,28,13
1047,20140311,16,17,22,14,19,43,41,44,7
1048,20140318,4,19,24,33,30,2,38,20,3
1049,20140325,45,40,33,16,29,23,15,41,22
1050,20140401,31,10,19,40,16,1,21,42,17
1051,20140408,24,35,6,25,18,12,19,23,31
1052,20140415,35,5,22,27,17,31,29,38,12
1053,20140422,36,5,30,12,4,43,35,40,16
1054,20140429,12,7,25,35,10,4,1,33,5
1055,20140506,28,11,15,25,3,29,41,4,43
1056,20140513,14,26,35,4,6,23,20,40,19
1057,20140520,16,5,26,4,31,39,7,32,9
1058,20140527,32,12,3,23,40,2,19,6,37
1059,20140603,21,35,40,20,14,5,8,22,41
1060,20140610,16,44,2,17,1,32,34,35,5
1061,20140617,7,41,1,3,36,23,37,32,10
1062,20140624,36,12,32,41,40,8,26,10,2
1063,20140701,10,19,44,20,15,1,11,28,4
1064,20140708,39,42,14,30,41,28,7,34,8
1065,20140715,14,10,37,22,1,29,3,15,13
1066,20140722,17,16,19,35,24,25,3,33,14
1067,20140729,43,15,30,38,10,1,31,22,35
1068,20140805,21,9,42,33,3,35,25,16,38
1069,20140812,32,41,5,37,3,29,43,16,36
1070,20140819,33,5,41,7,31,1,43,38,42
1071,20140826,4,26,3,12,2,17,32,22,8
1072,20140902,9,40,29,1,3,15,43,39,18
1073,20140909,44,38,28,43,25,15,23,8,41
1074,20140916,36,13,33,45,34,15,31,2,32
1075,20140923,43,39,6,16,15,35,22,40,2
1076,20140930,40,14,34,27,10,30,36,17,4
1077,20141007,6,15,23,28,20,19,3,2,31
1078,20141014,45,38,21,24,17,3,12,19,2
1079,20141021,17,19,6,14,32,34,25,41,5
1080,20141028,38,40,21,9,22,6,20,18,2
1081,20141104,25,14,13,31,23,18,21,38,2
1082,20141111,43,25,10,33,2,41,21,4,31
1083,20141118,29,38,44,14,37,28,30,9,34
1084,20141125,8,9,13,24,42,16,25,33,4
1085,20141202,1,45,35,36,29,15,21,19,40
1086,20141209,7,21,42,13,43,25,15,22,27
1087,20141216,25,21,11,42,20,45,4,23,1
1088,20141223,17,37,19,13,25,6,34,45,12
1089,20141230,35,41,7,43,26,4,19,31,23
1090,20150106,39,40,6,2,35,19,11,22,8
1091,20150113,24,44,40,33,36,23,38,20,37
1092,20150120,28,20,15,14,34,31,2,42,29
1093,20150127,40,7,35,31,9,30,1,13,39
1094,20150203,10,5,7,2,12,36,11,4,14
1095,20150210,6,42,36,39,40,32,44,38,28
1096,20150217,31,38,4,30,19,25,2,22,11
1097,20150224,3,4,21,31,23,18,6,26,37
1098,20150303,5,26,43,31,20,23,19,21,35
1099,20150310,25,22,5,36,27,45,3,44,41
1100,20150317,15,29,5,16,42,14,4,36,10
1101,20150324,4,33,16,28,45,11,24,44,41
1102,20150331,16,17,44,32,29,4,3,33,34
1103,20150407,42,14,26,11,22,10,36,45,34
1104,20150414,33,24,2,42,45,12,3,19,6
1105,20150421,25,8,2,28,33,37,10,1,41
1106,20150428,35,41,2,34,29,30,45,19,3
1107,20150505,37,2,17,18,29,45,21,11,38
1108,20150512,27,24,30,28,33,13,43,4,25
1109,20150519,16,25,14,2,27,6,4,45,21
1110,20150526,26,9,42,39,32,40,44,11,4
1111,20150602,2,30,33,18,21,37,17,32,43
1112,20150609,15,32,7,21,14,5,10,16,31
1113,20150616,7,40,8,20,17,4,30,28,45
1114,20150623,36,2,5,45,19,27,9,41,7
1115,20150630,22,29,33,10,13,11,2,9,8
1116,20150707,11,23,1,36,19,17,27,40,45
1117,20150714,33,34,30,38,2,44,15,20,8
1118,20150721,21,26,30,3,13,20,33,17,37
1119,20150728,25,38,14,36,33,20,18,19,6
1120,20150804,14,19,40,9,44,8,41,18,4
1121,20150811,1,15,4,32,11,9,37,44,34
1122,20150818,6,32,42,3,25,7,29,22,2
1123,20150825,15,21,34,25,45,18,19,30,1
1124,20150901,24,13,25,43,18,22,45,12,35
1125,20150908,38,4,13,21,9,37,24,28,34
1126,20150915,33,29,2,1,19,43,13,31,9
1127,20150922,27,42,21,23,35,37,44,28,32
1128,20150929,34,26,1,10,12,3,42,4,20
1129,20151006,26,13,7,36,21,2,42,40,29
1130,20151013,36,37,28,41,29,32,34,30,9
1131,20151020,21,11,43,10,35,9,45,41,40
1132,20151027,18,30,44,10,5,3,11,31,42
1133,20151103,30,19,40,37,5,32,31,44,24
1134,20151110,22,23,36,34,20,25,33,21,13
1135,20151117,19,5,26,29,39,16,32,4,1
1136,20151124,25,22,24,9,12,30,1,6,39
1137,20151201,13,15,29,8,7,5,14,28,27
1138,20151208,19,14,30,8,36,40,11,5,16
1139,20151215,44,20,37,4,8,33,6,2,1
1140,20151222,27,44,26,20,10,29,34,19,2
1141,20151229,4,35,9,43,28,37,16,20,3
1142,20160105,19,33,18,25,37,31,43,13,34
1143,20160112,35,43,10,24,17,9,34,8,33
1144,20160119,13,25,34,31,10,12,1,38,15
1145,20160126,13,24,35,26,23,41,5,9,34
1146,20160202,5,7,9,44,22,2,19,36,28
1147,20160209,22,6,35,37,11,30,40,16,9
1148,20160216,15,22,13,33,45,37,28,21,27
1149,20160223,1,22,21,39,5,18,36,7,38
1150,20160301,20,30,32,27,3,41,5,40,15
1151,20160308,35,44,45,24,9,21,1,10,6
1152,20160315,2,37,13,32,12,8,38,11,23
1153,20160322,38,32,37,9,17,19,1,22,41
1154,20160329,12,38,39,9,3,26,33,23,44
1155,20160405,17,37,44,15,2,3,28,18,4
1156,20160412,31,35,42,39,18,23,43,37,5
1157,20160419,25,33,40,5,29,42,22,39,21
1158,20160426,19,41,6,15,45,1,5,20,3
1159,20160503,11,42,20,18,9,33,30,27,2
1160,20160510,21,44,26,27,22,36,20,32,25
1161,20160517,5,24,18,42,44,10,21,3,35
1162,20160524,22,32,25,11,38,4,5,20,40
1163,20160531,23,9,15,33,44,21,6,1,29
1164,20160607,34,22,14,8,6,16,29,38,19
1165,20160614,20,45,29,18,22,25,44,40,36
1166,20160621,36,44,2,42,28,5,16,25,22
1167,20160628,11,13,32,24,16,19,44,26,38
1168,20160705,43,41,37,14,9,2,31,1,17
1169,20160712,24,28,39,1,11,19,29,38,37
1170,20160719,22,34,7,4,32,45,41,23,36
1171,20160726,38,30,31,22,4,11,1,25,26
1172,20160802,45,7,8,27,31,33,1,2,41
1173,20160809,26,13,33,2,18,11,41,34,6
1174,20160816,24,36,9,11,44,27,20,10,31
1175,20160823,21,5,32,15,45,36,1,31,9
1176,20160830,16,33,27,9,12,43,22,15,31
1177,20160906,27,29,37,44,39,8,16,43,38
1178,20160913,42,19,30,29,1,3,44,28,23
1179,20160920,39,4,31,33,34,12,27,20,36
1180,20160927,45,13,32,36,3,26,21,31,14
1181,20161004,10,14,4,3,28,41,12,32,5
1182,20161011,25,3,8,38,18,21,27,23,35
1183,20161018,43,37,23,6,9,3,13,38,32
1184,20161025,20,8,37,33,5,34,36,40,17
1185,20161101,17,22,43,6,27,41,9,8,36
1186,20161108,42,5,7,36,22,2,13,23,18
1187,20161115,7,26,27,11,18,15,16,30,21
1188,20161122,32,31,11,30,17,45,43,10,7
1189,20161129,31,32,12,35,28,22,42,39,1
1190,20161206,35,30,17,43,34,45,15,14,23
1191,20161213,44,31,37,17,20,34,39,29,24
1192,20161220,26,16,14,36,25,29,45,3,7
1193,20161227,27,7,35,34,25,33,28,38,41
1194,20170103,1,27,17,12,24,15,23,41,29
1195,20170110,34,2,43,18,12,17,41,16,22
1196,20170117,39,31,7,37,2,22,21,40,1
1197,20170124,17,24,43,31,20,34,27,29,6
1198,20170131,24,3,8,38,18,20,30,44,21
1199,20170207,20,32,4,8,29,37,40,7,17
1200,20170214,7,39,45,38,1,30,9,28,14
1201,20170221,19,28,31,5,45,41,9,1,37
1202,20170228,2,37,26,17,42,33,27,44,4
1203,20170307,21,18,17,6,37,33,4,1,8
1204,20170314,10,14,25,6,31,2,28,33,8
1205,20170321,27,25,44,33,6,15,31,26,19
1206,20170328,12,39,45,41,37,22,23,20,18
1207,20170404,6,8,36,45,33,23,1,43,27
1208,20170411,25,23,38,45,21,28,1,2,33
1209,20170418,42,13,33,44,39,29,27,15,31
1210,20170425,11,41,28,43,45,37,27,4,31
1211,20170502,28,22,9,19,38,17,2,41,33
1212,20170509,1,15,45,16,3,20,33,39,12
1213,20170516,9,21,43,14,22,41,27,4,8
1214,20170523,4,2,12,22,20,17,38,35,16
1215,20170530,1,35,31,19,4,13,26,25,37
1216,20170606,10,23,11,30,19,34,15,2,26
1217,20170613,14,9,2,13,43,10,4,45,12
1218,20170620,16,25,28,13,23,17,21,34,2
1219,20170627,6,3,8,26,41,40,22,27,32
1220,20170704,28,33,37,43,18,35,7,19,21
1221,20170711,30,40,37,39,36,4,22,35,14
1222,20170718,2,45,29,7,23,19,21,37,43
1223,20170725,1,15,4,6,22,29,39,14,7
1224,20170801,9,16,41,13,37,43,3,11,26
1225,20170808,15,21,45,25,6,43,40,19,26
1226,20170815,17,43,8,33,25,13,4,15,23
1227,20170822,14,43,41,16,7,12,40,37,38
1228,20170829,24,8,44,23,22,21,36,4,37
1229,20170905,16,45,4,35,8,28,27,22,34
1230,20170912,1,44,20,41,24,12,45,6,38
1231,20170919,15,6,37,29,42,14,31,30,45
1232,20170926,41,45,8,14,6,13,33,15,42
1233,20171003,43,36,7,30,14,9,26,41,38
1234,20171010,17,42,20,7,31,28,12,1,25
1235,20171017,41,40,38,39,7,23,32,35,19
1236,20171024,31,15,22,9,35,40,44,32,36
1237,20171031,6,23,21,30,42,44,32,29,9
1238,20171107,45,4,37,12,30,26,13,10,17
1239,20171114,15,3,16,5,25,30,1,40,12
1240,20171121,14,15,45,33,26,16,23,24,5
1241,20171128,16,3,9,7,28,35,19,10,1
1242,20171205,45,4,22,34,26,9,28,43,15
1243,20171212,6,31,35,7,4,43,3,5,2
1244,20171219,34,35,18,44,26,37,5,1,36
1245,20171226,7,30,37,2,41,9,45,33,23
1246,20180102,8,26,1,12,30,43,28,7,11
1247,20180109,45,26,8,1,43,9,40,34,27
1248,20180116,9,37,26,23,30,7,4,38,5
1249,20180123,31,25,21,44,33,28,16,35,1
1250,20180130,24,12,45,5,40,31,2,30,16
1251,20180206,6,35,43,41,22,40,11,21,45
1252,20180213,42,26,3,37,40,2,35,36,32
1253,20180220,2,29,1,35,11,15,5,31,21
1254,20180227,33,2,29,31,16,39,25,42,36
1255,20180306,5,30,34,41,18,38,37,28,11
1256,20180313,18,23,5,29,35,25,39,15,21
1257,20180320,4,16,34,8,32,11,13,29,20
1258,20180327,29,19,38,22,3,5,27,41,35
1259,20180403,2,42,37,24,13,26,36,44,14
1260,20180410,31,25,3,23,17,40,15,16,26
1261,20180417,43,20,7,27,36,11,23,18,26
1262,20180424,7,45,39,4,16,27,29,40,24
1263,20180501,15,11,9,19,27,8,36,5,29
1264,20180508,41,45,27,31,29,9,43,16,6
1265,20180515,41,3,12,13,6,40,29,4,39
1266,20180522,2,13,39,45,19,12,31,24,41
1267,20180529,13,21,44,1,8,12,9,38,10
1268,20180605,11,30,45,18,33,37,23,6,3
1269,20180612,22,2,31,38,12,7,45,11,29
1270,20180619,20,18,26,35,10,22,16,25,34
1271,20180626,14,36,32,11,10,34,22,30,2
1272,20180703,27,23,18,10,4,9,16,41,35
1273,20180710,37,13,10,1,40,3,44,41,6
1274,20180717,19,17,38,20,28,11,42,27,35
1275,20180724,38,2,13,40,3,39,22,34,7
1276,20180731,7,26,25,40,10,13,1,38,31
1277,20180807,31,26,15,21,14,24,40,33,3
1278,20180814,5,11,28,24,38,37,25,1,27
1279,20180821,9,32,4,14,38,12,3,35,24
1280,20180828,21,13,1,2,23,19,34,11,33
1281,20180904,25,41,30,33,11,15,36,34,14
1282,20180911,6,4,36,23,2,30,32,11,27
1283,20180918,39,26,42,32,33,20,23,22,24
1284,20180925,29,17,33,39,21,20,24,31,8
1285,20181002,7,38,41,16,15,24,43,34,27
1286,20181009,4,45,32,41,26,30,25,9,44
1287,20181016,43,21,14,3,15,41,2,29,25
